tldw_chatbook/Agents/agent_worktree_git.py	14	
tldw_chatbook/Agents/project_instruction_resolver.py	174	
tldw_chatbook/Agents/run_hooks.py	49	
tldw_chatbook/Chat/attachment_core.py	25	
tldw_chatbook/Chat/attachment_core.py	26	
tldw_chatbook/Chat/attachment_core.py	65	
tldw_chatbook/Chat/attachment_core.py	153	
tldw_chatbook/Chat/attachment_core.py	161	
tldw_chatbook/Chat/character_expression_playback.py	14	
tldw_chatbook/Chat/citation_legacy_migration.py	38	
tldw_chatbook/Chat/citation_legacy_migration.py	555	
tldw_chatbook/Chat/citation_trace_builder.py	59	
tldw_chatbook/Chat/citation_trace_models.py	30	
tldw_chatbook/Chat/citation_trace_models.py	37	
tldw_chatbook/Chat/console_exchange_capture.py	111	
tldw_chatbook/Chat/console_exchange_capture.py	112	
tldw_chatbook/Chat/console_exchange_capture.py	350	
tldw_chatbook/Chat/console_exchange_capture.py	351	
tldw_chatbook/Chat/console_trace_maintenance.py	30	
tldw_chatbook/Chat/console_trace_maintenance.py	100	
tldw_chatbook/Chat/console_trace_maintenance.py	101	
tldw_chatbook/Chat/console_trace_maintenance.py	107	
tldw_chatbook/Chat/console_turn_preparation.py	39	
tldw_chatbook/Chat/console_voice_trace_gateway.py	46	
tldw_chatbook/Chat/console_voice_trace_promotion.py	32	
tldw_chatbook/Chat/local_server_discovery.py	40	
tldw_chatbook/Chat/provider_continuation.py	31	
tldw_chatbook/Chat/provider_continuation.py	35	
tldw_chatbook/Chat/provider_continuation.py	36	
tldw_chatbook/Chat/thinking_blocks.py	14	
tldw_chatbook/DB/Chunking_Lab_DB.py	38	
tldw_chatbook/DB/Chunking_Lab_DB.py	39	
tldw_chatbook/DB/private_sqlite.py	1667	
tldw_chatbook/Event_Handlers/Chat_Events/chat_image_events.py	37	
tldw_chatbook/Event_Handlers/TTS_Events/tts_events.py	98	
tldw_chatbook/LLM_Calls/hosted_chat.py	39	
tldw_chatbook/LLM_Calls/hosted_chat_streaming.py	12	
tldw_chatbook/LLM_Calls/hosted_chat_streaming.py	13	
tldw_chatbook/LLM_Calls/hosted_chat_streaming.py	14	
tldw_chatbook/LLM_Calls/moonshot.py	62	
tldw_chatbook/LLM_Calls/qwencloud_streaming.py	31	
tldw_chatbook/LLM_Calls/qwencloud_streaming.py	32	
tldw_chatbook/LLM_Calls/qwencloud_streaming.py	36	
tldw_chatbook/LLM_Calls/recovery_review.py	156	
tldw_chatbook/LLM_Calls/recovery_review.py	160	
tldw_chatbook/LLM_Calls/zai.py	58	
tldw_chatbook/RAG_Search/activation.py	338	
tldw_chatbook/RAG_Search/activation.py	339	
tldw_chatbook/RAG_Search/model_recovery.py	63	
tldw_chatbook/RAG_Search/model_recovery.py	67	
tldw_chatbook/RAG_Search/model_recovery.py	235	
tldw_chatbook/RAG_Search/model_recovery.py	239	
tldw_chatbook/RAG_Search/simplified/embeddings_wrapper.py	392	
tldw_chatbook/RAG_Search/simplified/embeddings_wrapper.py	880	
tldw_chatbook/RAG_Search/simplified/embeddings_wrapper.py	889	
tldw_chatbook/RAG_Search/simplified/embeddings_wrapper.py	1103	
tldw_chatbook/RAG_Search/simplified/health_check.py	219	
tldw_chatbook/RAG_Search/simplified/rag_service.py	910	
tldw_chatbook/RAG_Search/simplified/simple_cache.py	150	
tldw_chatbook/RAG_Search/simplified/simple_cache.py	1036	
tldw_chatbook/RAG_Search/simplified/simple_cache.py	1051	
tldw_chatbook/RAG_Search/simplified/vector_store.py	274	
tldw_chatbook/RAG_Search/simplified/vector_store.py	990	
tldw_chatbook/RAG_Search/simplified/vector_store.py	1507	
tldw_chatbook/RAG_Search/simplified/vector_store.py	1514	
tldw_chatbook/RAG_Search/simplified/vector_store.py	1517	
tldw_chatbook/RAG_Search/simplified/vector_store.py	1525	
tldw_chatbook/Tools/local_tool_impls.py	82	
tldw_chatbook/Tools/local_tool_impls.py	518	
tldw_chatbook/Tools/local_tool_impls.py	777	
tldw_chatbook/Tools/web_tool_impls.py	139	
tldw_chatbook/Tools/web_tool_impls.py	140	
tldw_chatbook/Tools/web_tool_impls.py	144	
tldw_chatbook/Tools/web_tool_impls.py	149	
tldw_chatbook/Tools/web_tool_impls.py	1112	
tldw_chatbook/Tools/web_tool_impls.py	1120	
tldw_chatbook/Tools/web_tool_impls.py	1409	
tldw_chatbook/Tools/workspace_tool_protocol.py	18	
tldw_chatbook/Tools/workspace_tool_protocol.py	23	
tldw_chatbook/UI/Console_Modules/image.py	43	
tldw_chatbook/UI/MCP_Modules/mcp_workbench.py	173	
tldw_chatbook/UI/Screens/chat_screen.py	863	
tldw_chatbook/UI/Screens/library_screen.py	3801	
tldw_chatbook/UI/Screens/library_screen.py	3802	
tldw_chatbook/UI/Screens/library_screen.py	28435	
tldw_chatbook/UI/Screens/personas_screen.py	492	
tldw_chatbook/UI/Screens/personas_screen.py	494	
tldw_chatbook/UI/Screens/personas_screen.py	495	
tldw_chatbook/UI/Screens/personas_screen.py	14082	
tldw_chatbook/UI/Screens/personas_screen.py	14199	
tldw_chatbook/UI/Screens/settings_screen.py	20671	
tldw_chatbook/UI/Screens/settings_screen.py	20677	
tldw_chatbook/Utils/egress.py	57	
tldw_chatbook/Utils/egress.py	58	
tldw_chatbook/Utils/egress.py	59	
tldw_chatbook/Utils/egress.py	60	
tldw_chatbook/Utils/file_extraction.py	639	
tldw_chatbook/Utils/file_handlers.py	148	
tldw_chatbook/Utils/file_handlers.py	491	
tldw_chatbook/Utils/github_api_client.py	431	
tldw_chatbook/Utils/github_api_client.py	442	
tldw_chatbook/Utils/input_validation.py	1762	
tldw_chatbook/Widgets/Console/console_conversation_inspector.py	140	
tldw_chatbook/Widgets/Console/console_transcript.py	645	
tldw_chatbook/Widgets/Console/console_video_capacity_modal.py	25	
tldw_chatbook/Widgets/NewIngest/SmartFileDropZone.py	99	
tldw_chatbook/Widgets/NewIngest/SmartFileDropZone.py	101	
tldw_chatbook/Widgets/NewIngest/SmartFileDropZone.py	169	
tldw_chatbook/Widgets/Tamagotchi/tamagotchi_storage.py	262	
tldw_chatbook/Widgets/file_extraction_dialog.py	132	
tldw_chatbook/Widgets/file_extraction_dialog.py	135	
tldw_chatbook/config.py	1077	
tldw_chatbook/config.py	8076	
tldw_chatbook/config.py	8081	
tldw_chatbook/config.py	8106	
tldw_chatbook/config.py	9228	
