tldw_chatbook/Agents/agent_worktree.py	126	
tldw_chatbook/Agents/run_log.py	619	
tldw_chatbook/Agents/run_log.py	633	
tldw_chatbook/MCP/permission_store.py	942	
tldw_chatbook/RAG_Search/config_profiles.py	233	
tldw_chatbook/RAG_Search/config_profiles.py	1093	
tldw_chatbook/RAG_Search/eval/gating.py	155	
tldw_chatbook/RAG_Search/eval/regression.py	195	
tldw_chatbook/RAG_Search/pipeline_builder_simple.py	586	
tldw_chatbook/RAG_Search/pipeline_loader.py	163	
tldw_chatbook/RAG_Search/simplified/vector_store.py	226	
tldw_chatbook/Tools/file_operation_tools.py	109	
tldw_chatbook/Tools/file_operation_tools.py	731	
tldw_chatbook/UI/Console_Modules/message.py	2095	
tldw_chatbook/UI/Console_Modules/video.py	1364	
tldw_chatbook/UI/Screens/chat_screen.py	7138	
tldw_chatbook/UI/Screens/personas_screen.py	5688	
tldw_chatbook/UI/Screens/personas_screen.py	13537	
tldw_chatbook/Utils/atomic_file_ops.py	84	
tldw_chatbook/Utils/atomic_file_ops.py	161	
tldw_chatbook/Utils/atomic_file_ops.py	263	
tldw_chatbook/Utils/paths.py	53	
tldw_chatbook/Utils/private_paths.py	1312	
tldw_chatbook/Utils/private_paths.py	1634	
tldw_chatbook/Utils/tls_trust.py	183	
tldw_chatbook/Utils/ui_responsiveness_artifacts.py	70	
tldw_chatbook/Widgets/Console/console_conversation_inspector.py	2101	
tldw_chatbook/config.py	3423	
tldw_chatbook/config.py	9521	
tldw_chatbook/emergency_stop.py	86	
