tldw_chatbook/Character_Chat/Chat_Dictionary_Lib.py	1552	list_chat_dictionaries
tldw_chatbook/Character_Chat/local_chat_dictionary_service.py	1060	list_dictionary_conversations
tldw_chatbook/Character_Chat/world_book_manager.py	310	list_world_books
tldw_chatbook/Character_Chat/world_book_manager.py	568	get_world_book_entries
tldw_chatbook/Character_Chat/world_book_manager.py	737	get_world_books_for_conversation
tldw_chatbook/Character_Chat/world_book_manager.py	778	get_conversations_for_world_book
tldw_chatbook/Chatbooks/chatbook_creator.py	902	_conversation_graph_messages
tldw_chatbook/Library/collections_capture_repository.py	1619	_tags_for_ids
tldw_chatbook/Library/library_export_scope.py	308	preview_export_scope
tldw_chatbook/Notes/notes_device_state_store.py	1231	active_binding_note_ids
tldw_chatbook/Persona_Visual/repository.py	1427	_fetchall
tldw_chatbook/Research_Interop/local_research_service.py	909	list_sessions
tldw_chatbook/Research_Interop/local_research_service.py	1070	list_runs
tldw_chatbook/Subscriptions/briefing_selection.py	250	_window_rows
tldw_chatbook/Subscriptions/briefing_selection.py	331	_curated_rows
tldw_chatbook/Workspaces/registry_service.py	761	list_workspaces
tldw_chatbook/Writing_Interop/local_writing_service.py	1252	list_projects
tldw_chatbook/Writing_Interop/local_writing_service.py	1397	list_chapters
tldw_chatbook/Writing_Interop/local_writing_service.py	1507	list_scenes
tldw_chatbook/Writing_Interop/local_writing_service.py	1613	list_characters
tldw_chatbook/Writing_Interop/local_writing_service.py	1748	list_world_info
tldw_chatbook/Writing_Interop/local_writing_service.py	1997	list_plot_holes
tldw_chatbook/Writing_Interop/local_writing_service.py	2604	list_analyses
