tldw_chatbook/Library/library_ingest_state.py	2707	commonpath
tldw_chatbook/Model_Artifacts/recovery.py	215	is_relative_to
tldw_chatbook/Model_Artifacts/recovery.py	334	is_relative_to
tldw_chatbook/Notes/file_notes_git_network.py	2812	is_relative_to
tldw_chatbook/Notes/file_notes_git_service.py	10269	is_relative_to
tldw_chatbook/Notes/file_notes_git_service.py	10367	is_relative_to
tldw_chatbook/Notes/notes_sync_runtime.py	3290	is_relative_to
tldw_chatbook/STT/executor_worker.py	503	is_relative_to
tldw_chatbook/TTS/loose_voice_lifetime.py	108	is_relative_to
tldw_chatbook/TTS/loose_voice_lifetime.py	111	is_relative_to
tldw_chatbook/TTS/loose_voice_lifetime.py	116	is_relative_to
tldw_chatbook/TTS/loose_voice_lifetime.py	284	is_relative_to
tldw_chatbook/TTS/loose_voice_lifetime.py	294	is_relative_to
tldw_chatbook/TTS/loose_voice_lifetime.py	312	is_relative_to
tldw_chatbook/TTS/recovery.py	252	is_relative_to
