tldw_chatbook/Audio/console_dictation.py	116	legacy
tldw_chatbook/Audio/dictation_service_lazy.py	205	legacy
tldw_chatbook/Audio/dictation_service_lazy.py	255	legacy
tldw_chatbook/Audio/meeting_owner.py	234	legacy
tldw_chatbook/Audio/meeting_session.py	411	legacy
tldw_chatbook/Audio/meeting_session.py	990	LEGACY
tldw_chatbook/Audio/meeting_session.py	994	legacy
tldw_chatbook/Audio/streaming_sink.py	1048	legacy
tldw_chatbook/Audio/voice_process_core.py	425	legacy
tldw_chatbook/Audio/voice_process_core.py	526	legacy
tldw_chatbook/Audio/voice_process_core.py	1023	retired
tldw_chatbook/Audio/voice_process_core.py	1025	retired
tldw_chatbook/Audio/voice_process_core.py	1026	retired
tldw_chatbook/Audio/voice_process_protocol.py	1338	retired
tldw_chatbook/Backup_Recovery/activation.py	65	legacy
tldw_chatbook/Backup_Recovery/activation.py	142	legacy
tldw_chatbook/Backup_Recovery/activation.py	387	legacy
tldw_chatbook/Backup_Recovery/admission.py	4	retired
tldw_chatbook/Backup_Recovery/admission.py	6	Legacy
tldw_chatbook/Backup_Recovery/archive_reader.py	184	Legacy
tldw_chatbook/Backup_Recovery/chat_source_participants.py	484	legacy
tldw_chatbook/Backup_Recovery/control_records.py	253	retired
tldw_chatbook/Backup_Recovery/credentials.py	67	legacy
tldw_chatbook/Backup_Recovery/credentials.py	103	legacy
tldw_chatbook/Backup_Recovery/credentials.py	457	legacy
tldw_chatbook/Backup_Recovery/credentials.py	825	legacy
tldw_chatbook/Backup_Recovery/credentials.py	850	legacy
tldw_chatbook/Backup_Recovery/credentials.py	959	legacy
tldw_chatbook/Backup_Recovery/credentials.py	1219	legacy
tldw_chatbook/Backup_Recovery/credentials.py	1297	legacy
tldw_chatbook/Backup_Recovery/destinations.py	360	legacy
tldw_chatbook/Backup_Recovery/destinations.py	366	legacy
tldw_chatbook/Backup_Recovery/destinations.py	457	legacy
tldw_chatbook/Backup_Recovery/destinations.py	463	legacy
tldw_chatbook/Backup_Recovery/destinations.py	467	legacy
tldw_chatbook/Backup_Recovery/journal.py	416	retired
tldw_chatbook/Backup_Recovery/journal.py	1048	retired
tldw_chatbook/Backup_Recovery/journal.py	1072	retired
tldw_chatbook/Backup_Recovery/journal.py	1073	retired
tldw_chatbook/Backup_Recovery/later_rollback.py	193	legacy
tldw_chatbook/Backup_Recovery/later_rollback.py	401	legacy
tldw_chatbook/Backup_Recovery/later_rollback.py	582	retired
tldw_chatbook/Backup_Recovery/later_rollback.py	591	retired
tldw_chatbook/Backup_Recovery/later_rollback.py	599	retired
tldw_chatbook/Backup_Recovery/later_rollback.py	610	retired
tldw_chatbook/Backup_Recovery/later_rollback.py	1787	retired
tldw_chatbook/Backup_Recovery/later_rollback.py	1895	retired
tldw_chatbook/Backup_Recovery/later_rollback.py	1896	retired
tldw_chatbook/Backup_Recovery/later_rollback.py	1900	retired
tldw_chatbook/Backup_Recovery/profile_paths.py	89	legacy
tldw_chatbook/Backup_Recovery/profile_paths.py	185	legacy
tldw_chatbook/Backup_Recovery/profile_paths.py	190	legacy
tldw_chatbook/Backup_Recovery/publication.py	192	retired
tldw_chatbook/Backup_Recovery/publication.py	198	retired
tldw_chatbook/Backup_Recovery/publication.py	239	retired
tldw_chatbook/Backup_Recovery/publication.py	628	retired
tldw_chatbook/Backup_Recovery/publication.py	2022	retired
tldw_chatbook/Backup_Recovery/publication.py	2023	retired
tldw_chatbook/Backup_Recovery/publication.py	2253	retired
tldw_chatbook/Backup_Recovery/publication.py	2422	retired
tldw_chatbook/Backup_Recovery/publication.py	2593	legacy
tldw_chatbook/Backup_Recovery/publication.py	2621	legacy
tldw_chatbook/Backup_Recovery/publication.py	2622	legacy
tldw_chatbook/Backup_Recovery/rag_definition_participant.py	186	legacy
tldw_chatbook/Backup_Recovery/rag_definition_participant.py	192	legacy
tldw_chatbook/Backup_Recovery/rag_definition_participant.py	193	legacy
tldw_chatbook/Backup_Recovery/rag_inventory.py	319	legacy
tldw_chatbook/Backup_Recovery/rag_inventory.py	323	legacy
tldw_chatbook/Backup_Recovery/recovered_media.py	1707	retired
tldw_chatbook/Backup_Recovery/recovery_service.py	503	legacy
tldw_chatbook/Backup_Recovery/recovery_service.py	575	Legacy
tldw_chatbook/Backup_Recovery/replacement.py	65	legacy
tldw_chatbook/Backup_Recovery/replacement.py	2428	retired
tldw_chatbook/Backup_Recovery/replacement.py	2429	retired
tldw_chatbook/Backup_Recovery/restore_groups.py	14	Legacy
tldw_chatbook/Backup_Recovery/restore_plan.py	311	retired
tldw_chatbook/Backup_Recovery/restore_plan.py	325	retired
tldw_chatbook/Backup_Recovery/restore_plan.py	326	retired
tldw_chatbook/Backup_Recovery/staging.py	285	Legacy
tldw_chatbook/Backup_Recovery/storage_admission.py	590	retired
tldw_chatbook/Backup_Recovery/storage_admission.py	603	retired
tldw_chatbook/Backup_Recovery/storage_admission.py	604	retired
tldw_chatbook/Backup_Recovery/storage_admission.py	605	retired
tldw_chatbook/Backup_Recovery/storage_admission.py	607	retired
tldw_chatbook/Backup_Recovery/storage_admission.py	608	retired
tldw_chatbook/Backup_Recovery/storage_admission.py	610	retired
tldw_chatbook/Backup_Recovery/storage_admission.py	801	retired
tldw_chatbook/Backup_Recovery/storage_admission.py	1644	retired
tldw_chatbook/Backup_Recovery/storage_admission.py	2353	retired
tldw_chatbook/Character_Chat/Character_Chat_Lib.py	845	legacy
tldw_chatbook/Character_Chat/Character_Chat_Lib.py	1779	legacy
tldw_chatbook/Character_Chat/Character_Chat_Lib.py	1790	legacy
tldw_chatbook/Character_Chat/Character_Chat_Lib.py	1793	legacy
tldw_chatbook/Character_Chat/Character_Chat_Lib.py	1827	legacy
tldw_chatbook/Character_Chat/Character_Chat_Lib.py	3093	legacy
tldw_chatbook/Character_Chat/Character_Chat_Lib.py	4386	legacy
tldw_chatbook/Character_Chat/Character_Chat_Lib.py	4601	legacy
tldw_chatbook/Character_Chat/Chat_Dictionary_Lib.py	259	legacy
tldw_chatbook/Character_Chat/character_persona_scope_service.py	50	legacy
tldw_chatbook/Character_Chat/expression_generation.py	126	legacy
tldw_chatbook/Character_Chat/local_character_persona_service.py	108	retired
tldw_chatbook/Character_Chat/visual_identity.py	500	legacy
tldw_chatbook/Character_Chat/visual_identity.py	720	legacy
tldw_chatbook/Character_Chat/visual_identity.py	732	legacy
tldw_chatbook/Character_Chat/visual_identity.py	733	legacy
tldw_chatbook/Character_Chat/visual_identity.py	734	legacy
tldw_chatbook/Character_Chat/visual_identity.py	734	legacy
tldw_chatbook/Character_Chat/visual_identity.py	735	legacy
tldw_chatbook/Character_Chat/visual_identity.py	739	legacy
tldw_chatbook/Character_Chat/visual_identity.py	742	legacy
tldw_chatbook/Character_Chat/visual_identity.py	758	legacy
tldw_chatbook/Character_Chat/visual_identity.py	771	legacy
tldw_chatbook/Character_Chat/visual_identity.py	772	legacy
tldw_chatbook/Character_Chat/visual_identity.py	899	legacy
tldw_chatbook/Character_Chat/world_info_resolver.py	4	legacy
tldw_chatbook/Character_Chat/world_info_resolver.py	6	legacy
tldw_chatbook/Character_Chat/world_info_resolver.py	76	legacy
tldw_chatbook/Chatbooks/chatbook_creator.py	751	legacy
tldw_chatbook/Chatbooks/chatbook_creator.py	1078	legacy
tldw_chatbook/Chatbooks/chatbook_creator.py	1084	legacy
tldw_chatbook/Chatbooks/chatbook_importer.py	2164	legacy
tldw_chatbook/Chatbooks/chatbook_importer.py	2177	legacy
tldw_chatbook/Chunking/Chunk_Lib.py	5	legacy
tldw_chatbook/Chunking/Chunk_Lib.py	7	legacy
tldw_chatbook/Chunking/Chunk_Lib.py	10	legacy
tldw_chatbook/Chunking/Chunk_Lib.py	16	legacy
tldw_chatbook/Chunking/Chunk_Lib.py	20	Legacy
tldw_chatbook/Chunking/Chunk_Lib.py	20	legacy
tldw_chatbook/Chunking/Chunk_Lib.py	23	legacy
tldw_chatbook/Chunking/Chunk_Lib.py	25	legacy
tldw_chatbook/Chunking/Chunk_Lib.py	63	Legacy
tldw_chatbook/Chunking/Chunk_Lib.py	65	legacy
tldw_chatbook/Chunking/Chunk_Lib.py	66	legacy
tldw_chatbook/Chunking/Chunk_Lib.py	69	legacy
tldw_chatbook/Chunking/Chunk_Lib.py	71	legacy
tldw_chatbook/Chunking/Chunk_Lib.py	80	legacy
tldw_chatbook/Chunking/Chunk_Lib.py	81	legacy
tldw_chatbook/Chunking/Chunk_Lib.py	132	legacy
tldw_chatbook/Chunking/Chunk_Lib.py	166	legacy
tldw_chatbook/Chunking/Chunk_Lib.py	172	Legacy
tldw_chatbook/Chunking/Chunk_Lib.py	185	legacy
tldw_chatbook/Chunking/Chunk_Lib.py	211	legacy
tldw_chatbook/Chunking/Chunk_Lib.py	216	legacy
tldw_chatbook/Chunking/Chunk_Lib.py	252	legacy
tldw_chatbook/Chunking/Chunk_Lib.py	265	legacy
tldw_chatbook/Chunking/Chunk_Lib.py	274	Legacy
tldw_chatbook/Chunking/Chunk_Lib.py	275	legacy
tldw_chatbook/Chunking/Chunk_Lib.py	279	legacy
tldw_chatbook/Chunking/Chunk_Lib.py	283	legacy
tldw_chatbook/Chunking/Chunk_Lib.py	310	Legacy
tldw_chatbook/Chunking/Chunk_Lib.py	312	Legacy
tldw_chatbook/Chunking/Chunk_Lib.py	327	legacy
tldw_chatbook/Chunking/Chunk_Lib.py	330	Legacy
tldw_chatbook/Chunking/Chunk_Lib.py	345	legacy
tldw_chatbook/Chunking/Chunk_Lib.py	363	legacy
tldw_chatbook/Chunking/Chunk_Lib.py	365	Legacy
tldw_chatbook/Chunking/Chunk_Lib.py	383	legacy
tldw_chatbook/Chunking/Chunk_Lib.py	386	legacy
tldw_chatbook/Chunking/Chunk_Lib.py	387	Legacy
tldw_chatbook/Chunking/Chunk_Lib.py	409	legacy
tldw_chatbook/Chunking/Chunk_Lib.py	411	legacy
tldw_chatbook/Chunking/Chunk_Lib.py	421	legacy
tldw_chatbook/Chunking/Chunk_Lib.py	448	legacy
tldw_chatbook/Chunking/Chunk_Lib.py	457	legacy
tldw_chatbook/Chunking/Chunk_Lib.py	565	legacy
tldw_chatbook/Chunking/Chunk_Lib.py	584	Legacy
tldw_chatbook/Chunking/Chunk_Lib.py	586	legacy
tldw_chatbook/Chunking/Chunk_Lib.py	590	legacy
tldw_chatbook/Chunking/Chunk_Lib.py	693	legacy
tldw_chatbook/Chunking/Chunk_Lib.py	757	Legacy
tldw_chatbook/Chunking/Chunk_Lib.py	759	legacy
tldw_chatbook/Chunking/Chunk_Lib.py	760	legacy
tldw_chatbook/Chunking/Chunk_Lib.py	762	legacy
tldw_chatbook/Chunking/Chunk_Lib.py	798	legacy
tldw_chatbook/Chunking/Chunk_Lib.py	822	Legacy
tldw_chatbook/Chunking/Chunk_Lib.py	831	legacy
tldw_chatbook/Chunking/Chunk_Lib.py	841	legacy
tldw_chatbook/Chunking/Chunk_Lib.py	846	Legacy
tldw_chatbook/Chunking/Chunk_Lib.py	850	legacy
tldw_chatbook/Chunking/Chunk_Lib.py	914	legacy
tldw_chatbook/Chunking/Chunk_Lib.py	950	legacy
tldw_chatbook/Chunking/Chunk_Lib.py	973	Legacy
tldw_chatbook/Chunking/Chunk_Lib.py	973	legacy
tldw_chatbook/Chunking/Chunk_Lib.py	974	legacy
tldw_chatbook/Chunking/Chunk_Lib.py	982	legacy
tldw_chatbook/Chunking/Chunk_Lib.py	987	Legacy
tldw_chatbook/Chunking/Chunk_Lib.py	992	legacy
tldw_chatbook/Chunking/Chunk_Lib.py	1022	Legacy
tldw_chatbook/Chunking/Chunk_Lib.py	1101	legacy
tldw_chatbook/Chunking/Chunk_Lib.py	1117	legacy
tldw_chatbook/Chunking/Chunk_Lib.py	1264	legacy
tldw_chatbook/Chunking/Chunk_Lib.py	1356	legacy
tldw_chatbook/Chunking/Chunk_Lib.py	1387	legacy
tldw_chatbook/Chunking/Chunk_Lib.py	1408	legacy
tldw_chatbook/Chunking/Chunk_Lib.py	1424	legacy
tldw_chatbook/Chunking/Chunk_Lib.py	1424	legacy
tldw_chatbook/Chunking/Chunk_Lib.py	1431	legacy
tldw_chatbook/Chunking/Chunk_Lib.py	1555	legacy
tldw_chatbook/Chunking/Chunk_Lib.py	1557	legacy
tldw_chatbook/Chunking/Chunk_Lib.py	1559	legacy
tldw_chatbook/Chunking/Chunk_Lib.py	1561	legacy
tldw_chatbook/Chunking/Chunk_Lib.py	1573	Legacy
tldw_chatbook/Chunking/Chunk_Lib.py	1578	Legacy
tldw_chatbook/Chunking/Chunk_Lib.py	1584	legacy
tldw_chatbook/Chunking/Chunk_Lib.py	1643	legacy
tldw_chatbook/Chunking/Chunk_Lib.py	1665	legacy
tldw_chatbook/Chunking/Chunk_Lib.py	1725	legacy
tldw_chatbook/Chunking/auto_selection.py	27	legacy
tldw_chatbook/Chunking/auto_selection.py	63	legacy
tldw_chatbook/Chunking/auto_selection.py	338	Legacy
tldw_chatbook/Chunking/chunking_interop_library.py	56	legacy
tldw_chatbook/Chunking/chunking_interop_library.py	217	legacy
tldw_chatbook/Chunking/chunking_interop_library.py	326	legacy
tldw_chatbook/Chunking/engine/chunker.py	399	legacy
tldw_chatbook/Chunking/engine/chunker.py	1899	legacy
tldw_chatbook/Chunking/engine/chunker.py	1957	legacy
tldw_chatbook/Chunking/engine/process_text/preparation.py	108	legacy
tldw_chatbook/Chunking/template_runtime.py	518	legacy
tldw_chatbook/Chunking/template_runtime.py	553	legacy
tldw_chatbook/Chunking/template_runtime.py	775	legacy
tldw_chatbook/Evals/character_probe/tags.py	184	retired
tldw_chatbook/Evals/eval_orchestrator.py	152	legacy
tldw_chatbook/Evals/eval_orchestrator.py	165	legacy
tldw_chatbook/Evals/eval_orchestrator.py	174	legacy
tldw_chatbook/Evals/eval_orchestrator.py	182	legacy
tldw_chatbook/Evals/eval_orchestrator.py	187	legacy
tldw_chatbook/Evals/eval_orchestrator.py	210	legacy
tldw_chatbook/Evals/eval_orchestrator.py	218	legacy
tldw_chatbook/Evals/exporters.py	529	Legacy
tldw_chatbook/Evals/exporters.py	537	Legacy
tldw_chatbook/Evals/task_loader.py	592	legacy
tldw_chatbook/Evals/word_bench/analysis.py	151	legacy
tldw_chatbook/Evals/word_bench/models.py	108	legacy
tldw_chatbook/Evals/word_bench/models.py	226	legacy
tldw_chatbook/Evals/word_bench/normalizer.py	5	legacy
tldw_chatbook/Evals/word_bench/storage.py	93	legacy
tldw_chatbook/Evals/word_bench/storage.py	218	legacy
tldw_chatbook/Home/dashboard_state.py	36	legacy
tldw_chatbook/Image_Generation/adapters/fal_image_adapter.py	323	retired
tldw_chatbook/Image_Generation/adapters/gemini_image_adapter.py	141	retired
tldw_chatbook/Image_Generation/adapters/openrouter_image_adapter.py	63	retired
tldw_chatbook/Image_Generation/adapters/openrouter_image_adapter.py	71	retired
tldw_chatbook/Image_Generation/config.py	57	retired
tldw_chatbook/Internal_Prompts/authoring.py	23	legacy
tldw_chatbook/Internal_Prompts/authoring.py	86	legacy
tldw_chatbook/Internal_Prompts/authoring.py	88	legacy
tldw_chatbook/Internal_Prompts/authoring.py	118	legacy
tldw_chatbook/Internal_Prompts/authoring.py	119	legacy
tldw_chatbook/Internal_Prompts/authoring.py	120	legacy
tldw_chatbook/Internal_Prompts/resolver.py	3	legacy
tldw_chatbook/Internal_Prompts/resolver.py	49	legacy
tldw_chatbook/Internal_Prompts/resolver.py	87	legacy
tldw_chatbook/Internal_Prompts/resolver.py	88	legacy
tldw_chatbook/Internal_Prompts/resolver.py	88	legacy
tldw_chatbook/Internal_Prompts/resolver.py	91	legacy
tldw_chatbook/Internal_Prompts/resolver.py	92	legacy
tldw_chatbook/Internal_Prompts/resolver.py	95	legacy
tldw_chatbook/Internal_Prompts/summarization_prompts.py	7	legacy
tldw_chatbook/Internal_Prompts/summarization_prompts.py	36	legacy
tldw_chatbook/Internal_Prompts/summarization_prompts.py	72	legacy
tldw_chatbook/LLM_Provider_Catalog/local_llm_provider_catalog_service.py	158	deprecated
tldw_chatbook/Library/collections_capture_repository.py	739	legacy
tldw_chatbook/Library/collections_legacy_recovery.py	1	legacy
tldw_chatbook/Library/collections_legacy_recovery.py	22	legacy
tldw_chatbook/Library/ingest_capabilities.py	751	legacy
tldw_chatbook/Library/library_collections_service.py	36	legacy
tldw_chatbook/Library/library_conversations_state.py	267	Legacy
tldw_chatbook/Library/library_expand_policy.py	48	legacy
tldw_chatbook/Library/library_ingest_jobs.py	899	legacy
tldw_chatbook/Library/library_ingest_state.py	67	Retired
tldw_chatbook/Library/library_ingest_state.py	1245	retired
tldw_chatbook/Library/library_ingest_state.py	2904	retired
tldw_chatbook/Library/library_local_rag_search_service.py	135	retired
tldw_chatbook/Library/library_local_rag_search_service.py	612	retired
tldw_chatbook/Library/library_local_rag_search_service.py	672	legacy
tldw_chatbook/Library/library_local_rag_search_service.py	717	legacy
tldw_chatbook/Library/library_media_state.py	197	legacy
tldw_chatbook/Library/library_notes_state.py	889	retired
tldw_chatbook/Library/library_notes_state.py	1017	retired
tldw_chatbook/Library/library_prompts_state.py	1921	legacy
tldw_chatbook/Library/library_prompts_state.py	1953	legacy
tldw_chatbook/Library/library_prompts_state.py	1967	legacy
tldw_chatbook/Library/library_prompts_state.py	1969	legacy
tldw_chatbook/Library/library_prompts_state.py	1970	deprecated
tldw_chatbook/Library/library_prompts_state.py	1974	legacy
tldw_chatbook/Library/library_prompts_state.py	1987	legacy
tldw_chatbook/Library/library_prompts_state.py	2336	legacy
tldw_chatbook/Library/library_rag_state.py	1720	legacy
tldw_chatbook/Library/library_rag_state.py	2472	retired
tldw_chatbook/Library/library_rechunk_service.py	137	legacy
tldw_chatbook/Library/library_rechunk_service.py	290	legacy
tldw_chatbook/Library/library_rechunk_service.py	744	legacy
tldw_chatbook/Library/library_rechunk_service.py	779	legacy
tldw_chatbook/Library/library_rechunk_service.py	819	legacy
tldw_chatbook/Library/local_media_chunk_tool_service.py	27	legacy
tldw_chatbook/Library/local_media_chunk_tool_service.py	82	legacy
tldw_chatbook/Library/meeting_speaker_rename.py	124	LEGACY
tldw_chatbook/Library/meeting_speaker_rename.py	258	legacy
tldw_chatbook/Library/meeting_speaker_rename.py	260	legacy
tldw_chatbook/Library/meeting_speaker_rename.py	321	LEGACY
tldw_chatbook/Library/server_ingest_request.py	60	retired
tldw_chatbook/Local_Ingestion/Book_Ingestion_Lib.py	297	legacy
tldw_chatbook/Local_Ingestion/Document_Processing_Lib.py	95	Legacy
tldw_chatbook/Local_Ingestion/Document_Processing_Lib.py	99	Legacy
tldw_chatbook/Local_Ingestion/Document_Processing_Lib.py	101	Legacy
tldw_chatbook/Local_Ingestion/PDF_Processing_Lib.py	429	legacy
tldw_chatbook/Local_Ingestion/diarization_service.py	330	deprecated
tldw_chatbook/Local_Ingestion/local_file_ingestion.py	521	legacy
tldw_chatbook/Local_Ingestion/local_file_ingestion.py	1179	legacy
tldw_chatbook/Local_Ingestion/parakeet_v2_artifact.py	19	legacy
tldw_chatbook/Local_Ingestion/parakeet_v2_artifact.py	430	legacy
tldw_chatbook/Local_Ingestion/parakeet_v2_artifact.py	445	legacy
tldw_chatbook/Local_Ingestion/transcription_service.py	792	legacy
tldw_chatbook/Local_Ingestion/transcription_service.py	800	legacy
tldw_chatbook/Local_Ingestion/transcription_service.py	1522	Legacy
tldw_chatbook/Local_Ingestion/transcription_service.py	4199	legacy
tldw_chatbook/Media/local_media_reading_service.py	40	legacy
tldw_chatbook/Media/local_media_reading_service.py	43	legacy
tldw_chatbook/Media/local_media_reading_service.py	254	legacy
tldw_chatbook/Media/local_media_reading_service.py	1846	legacy
tldw_chatbook/Media/local_media_reading_service.py	1856	legacy
tldw_chatbook/Media/local_media_reading_service.py	1862	legacy
tldw_chatbook/Media/local_media_reading_service.py	1867	legacy
tldw_chatbook/Media/local_media_reading_service.py	1869	legacy
tldw_chatbook/Media/media_reading_scope_service.py	755	legacy
tldw_chatbook/Media/media_reading_scope_service.py	797	legacy
tldw_chatbook/Metrics/logger_config.py	1	Legacy
tldw_chatbook/Metrics/logger_config.py	28	legacy
tldw_chatbook/Metrics/logger_config.py	50	Legacy
tldw_chatbook/Model_Artifacts/acquisition.py	1342	legacy
tldw_chatbook/Model_Artifacts/service.py	187	LEGACY
tldw_chatbook/Model_Artifacts/service.py	2262	LEGACY
tldw_chatbook/Model_Artifacts/service.py	2271	legacy
tldw_chatbook/Model_Artifacts/service.py	2468	legacy
tldw_chatbook/Model_Artifacts/service.py	2482	legacy
tldw_chatbook/Model_Artifacts/service.py	3765	retired
tldw_chatbook/Model_Artifacts/service.py	3766	retired
tldw_chatbook/Model_Artifacts/service.py	3769	retired
tldw_chatbook/Model_Artifacts/service.py	3770	retired
tldw_chatbook/Model_Artifacts/service.py	3773	retired
tldw_chatbook/Model_Artifacts/service.py	3777	retired
tldw_chatbook/Notes/Notes_Library.py	2010	legacy
tldw_chatbook/Notes/file_notes_git_service.py	6568	retired
tldw_chatbook/Notes/file_notes_git_service.py	6574	retired
tldw_chatbook/Notes/file_notes_git_service.py	6597	retired
tldw_chatbook/Notes/file_notes_session_owner.py	1826	retired
tldw_chatbook/Notes/file_notes_session_owner.py	1828	retired
tldw_chatbook/Notes/file_notes_session_owner.py	1829	retired
tldw_chatbook/Notes/file_notes_session_owner.py	1830	retired
tldw_chatbook/Notes/file_notes_session_owner.py	1831	retired
tldw_chatbook/Notes/file_notes_session_owner.py	1882	retired
tldw_chatbook/Notes/file_notes_session_owner.py	1886	retired
tldw_chatbook/Notes/file_notes_session_owner.py	1887	retired
tldw_chatbook/Notes/file_notes_session_owner.py	1888	retired
tldw_chatbook/Notes/file_notes_session_owner.py	2114	retired
tldw_chatbook/Notes/file_notes_session_owner.py	2116	retired
tldw_chatbook/Notes/file_notes_session_owner.py	2653	retired
tldw_chatbook/Notes/file_notes_session_owner.py	2655	retired
tldw_chatbook/Notes/file_notes_session_owner.py	2663	retired
tldw_chatbook/Notes/notes_device_state_store.py	471	legacy
tldw_chatbook/Notes/notes_device_state_store.py	485	legacy
tldw_chatbook/Notes/notes_organization_repository.py	201	retired
tldw_chatbook/Notes/notes_organization_repository.py	207	retired
tldw_chatbook/Notes/notes_organization_repository.py	728	legacy
tldw_chatbook/Notes/notes_organization_repository.py	751	legacy
tldw_chatbook/Notes/notes_organization_repository.py	763	legacy
tldw_chatbook/Notes/notes_sync_executor.py	95	retired
tldw_chatbook/Notes/notes_sync_legacy.py	1	legacy
tldw_chatbook/Notes/notes_sync_legacy.py	48	legacy
tldw_chatbook/Notes/notes_sync_legacy.py	63	Legacy
tldw_chatbook/Notes/notes_sync_legacy.py	177	legacy
tldw_chatbook/Notes/notes_sync_legacy.py	182	legacy
tldw_chatbook/Notes/notes_sync_legacy.py	189	legacy
tldw_chatbook/Notes/notes_sync_legacy.py	279	legacy
tldw_chatbook/Notes/notes_sync_legacy.py	575	legacy
tldw_chatbook/Notes/notes_sync_legacy.py	604	legacy
tldw_chatbook/Notes/notes_sync_legacy.py	781	legacy
tldw_chatbook/Notes/recovery.py	157	legacy
tldw_chatbook/Notes/sync_paths.py	1	legacy
tldw_chatbook/Notes/sync_paths.py	99	legacy
tldw_chatbook/Notes/sync_paths.py	354	legacy
tldw_chatbook/Notifications/event_state_repository.py	232	legacy
tldw_chatbook/Persona_Buddy/controller.py	523	legacy
tldw_chatbook/Persona_Buddy/controller.py	534	legacy
tldw_chatbook/Persona_Buddy/controller.py	547	legacy
tldw_chatbook/Persona_Buddy/controller.py	551	legacy
tldw_chatbook/Persona_Buddy/library.py	221	legacy
tldw_chatbook/Persona_Buddy/library.py	227	retired
tldw_chatbook/Persona_Buddy/library.py	404	legacy
tldw_chatbook/Persona_Buddy/library.py	467	legacy
tldw_chatbook/Persona_Buddy/library.py	482	legacy
tldw_chatbook/Persona_Buddy/library.py	488	legacy
tldw_chatbook/Personal_Context/repository.py	962	legacy
tldw_chatbook/Petdex/registry.py	133	legacy
tldw_chatbook/Prompt_Management/Prompts_Interop.py	634	legacy
tldw_chatbook/Prompt_Management/Prompts_Interop.py	636	legacy
tldw_chatbook/Prompt_Management/Prompts_Interop.py	639	legacy
tldw_chatbook/Prompt_Management/Prompts_Interop.py	641	legacy
tldw_chatbook/Prompt_Management/Prompts_Interop.py	925	legacy
tldw_chatbook/Prompt_Management/Prompts_Interop.py	946	legacy
tldw_chatbook/Prompt_Management/Prompts_Interop.py	977	legacy
tldw_chatbook/Prompt_Management/local_prompt_service.py	116	legacy
tldw_chatbook/Prompt_Management/local_prompt_service.py	153	legacy
tldw_chatbook/Prompt_Management/prompt_artifact_codec.py	1	legacy
tldw_chatbook/Prompt_Management/prompt_artifact_codec.py	173	legacy
tldw_chatbook/Prompt_Management/prompt_artifact_codec.py	173	legacy
tldw_chatbook/Prompt_Management/prompt_artifact_codec.py	176	legacy
tldw_chatbook/Prompt_Management/prompt_artifact_models.py	11	legacy
tldw_chatbook/Prompt_Management/prompt_artifact_models.py	91	legacy
tldw_chatbook/Prompt_Management/prompt_artifact_models.py	99	legacy
tldw_chatbook/Prompt_Management/prompt_chatbook_record.py	104	legacy
tldw_chatbook/Prompt_Management/prompt_chatbook_record.py	146	legacy
tldw_chatbook/Prompt_Management/prompt_improvement_prompts.py	20	legacy
tldw_chatbook/Prompt_Management/prompt_legacy_decomposer.py	1	legacy
tldw_chatbook/Prompt_Management/prompt_legacy_decomposer.py	112	legacy
tldw_chatbook/Prompt_Management/prompt_legacy_decomposer.py	113	Legacy
tldw_chatbook/Prompt_Management/prompt_legacy_decomposer.py	123	legacy
tldw_chatbook/Prompt_Management/prompt_legacy_decomposer.py	135	legacy
tldw_chatbook/Prompt_Management/prompt_legacy_decomposer.py	146	legacy
tldw_chatbook/Prompt_Management/prompt_legacy_decomposer.py	147	Legacy
tldw_chatbook/Prompt_Management/prompt_legacy_decomposer.py	160	legacy
tldw_chatbook/Prompt_Management/prompt_markdown_export.py	50	legacy
tldw_chatbook/Prompt_Management/prompt_normalizers.py	38	Legacy
tldw_chatbook/Prompt_Management/prompt_normalizers.py	192	legacy
tldw_chatbook/Prompt_Management/prompt_normalizers.py	194	legacy
tldw_chatbook/Prompt_Management/prompt_normalizers.py	197	legacy
tldw_chatbook/Prompt_Management/prompt_normalizers.py	201	legacy
tldw_chatbook/Prompt_Management/prompt_normalizers.py	315	legacy
tldw_chatbook/Prompt_Management/prompt_normalizers.py	360	legacy
tldw_chatbook/Prompt_Management/prompt_normalizers.py	469	legacy
tldw_chatbook/Prompt_Management/prompt_normalizers.py	720	legacy
tldw_chatbook/Prompt_Management/server_prompt_adapter.py	10	legacy
tldw_chatbook/Prompt_Management/server_prompt_adapter.py	55	legacy
tldw_chatbook/Prompt_Management/server_prompt_adapter.py	103	legacy
tldw_chatbook/RAG_Admin/local_rag_admin_service.py	6	legacy
tldw_chatbook/RAG_Admin/local_rag_admin_service.py	130	legacy
tldw_chatbook/RAG_Admin/local_rag_admin_service.py	312	legacy
tldw_chatbook/RAG_Admin/local_rag_admin_service.py	317	legacy
tldw_chatbook/RAG_Admin/local_rag_admin_service.py	341	legacy
tldw_chatbook/RAG_Admin/local_rag_admin_service.py	343	legacy
tldw_chatbook/RAG_Admin/local_rag_admin_service.py	344	legacy
tldw_chatbook/RAG_Admin/local_rag_admin_service.py	375	legacy
tldw_chatbook/RAG_Admin/local_rag_admin_service.py	376	legacy
tldw_chatbook/RAG_Admin/local_rag_admin_service.py	378	legacy
tldw_chatbook/RAG_Admin/local_rag_admin_service.py	380	legacy
tldw_chatbook/RAG_Admin/local_rag_admin_service.py	606	legacy
tldw_chatbook/RAG_Admin/local_rag_admin_service.py	631	legacy
tldw_chatbook/RAG_Admin/local_rag_admin_service.py	643	legacy
tldw_chatbook/RAG_Admin/rag_admin_normalizers.py	81	legacy
tldw_chatbook/RAG_Admin/rag_admin_scope_service.py	93	legacy
tldw_chatbook/RAG_Admin/rag_admin_scope_service.py	311	legacy
tldw_chatbook/RAG_Admin/rag_admin_scope_service.py	564	legacy
tldw_chatbook/Research_Interop/academic_providers.py	178	legacy
tldw_chatbook/Research_Interop/academic_providers.py	326	legacy
tldw_chatbook/STT/contracts.py	5	legacy
tldw_chatbook/STT/executor.py	685	retired
tldw_chatbook/STT/legacy_bridge.py	3	legacy
tldw_chatbook/STT/legacy_bridge.py	130	legacy
tldw_chatbook/STT/legacy_bridge.py	139	legacy
tldw_chatbook/STT/legacy_bridge.py	164	legacy
tldw_chatbook/STT/legacy_bridge.py	184	legacy
tldw_chatbook/STT/legacy_bridge.py	190	legacy
tldw_chatbook/STT/parakeet_dispatch.py	101	legacy
tldw_chatbook/STT/parakeet_sources.py	461	legacy
tldw_chatbook/STT/parakeet_sources.py	466	legacy
tldw_chatbook/STT/parakeet_sources.py	466	legacy
tldw_chatbook/STT/parakeet_sources.py	467	legacy
tldw_chatbook/STT/parakeet_sources.py	470	legacy
tldw_chatbook/STT/transcribe_cpp.py	765	legacy
tldw_chatbook/Scheduling/db/scheduled_tasks_db.py	219	legacy
tldw_chatbook/Scheduling/events.py	89	legacy
tldw_chatbook/Scheduling/events.py	89	retired
tldw_chatbook/Scheduling/events.py	90	retired
tldw_chatbook/Scheduling/events.py	183	legacy
tldw_chatbook/Scheduling/events.py	216	retired
tldw_chatbook/Scheduling/events.py	236	retired
tldw_chatbook/Scheduling/events.py	256	retired
tldw_chatbook/Scheduling/scheduler/loop.py	131	retired
tldw_chatbook/Scheduling/services/scheduling_service.py	713	legacy
tldw_chatbook/Scheduling/services/server_client.py	516	retired
tldw_chatbook/Scheduling/services/sync_engine.py	644	retired
tldw_chatbook/Scheduling/services/sync_engine.py	653	retired
tldw_chatbook/Scheduling/services/sync_engine.py	683	retired
tldw_chatbook/Skills_Interop/local_skills_service.py	2473	legacy
tldw_chatbook/Study_Interop/study_scope_service.py	23	legacy
tldw_chatbook/Study_Interop/study_scope_service.py	238	legacy
tldw_chatbook/Subscriptions/baseline_manager.py	29	retired
tldw_chatbook/Subscriptions/briefing_audio.py	25	legacy
tldw_chatbook/Subscriptions/briefing_audio.py	28	legacy
tldw_chatbook/Subscriptions/briefing_audio.py	62	legacy
tldw_chatbook/Subscriptions/briefing_audio.py	75	legacy
tldw_chatbook/Subscriptions/briefing_audio.py	100	legacy
tldw_chatbook/Subscriptions/briefing_audio.py	246	legacy
tldw_chatbook/Subscriptions/briefing_audio.py	405	legacy
tldw_chatbook/Subscriptions/briefing_audio.py	408	legacy
tldw_chatbook/Subscriptions/briefing_audio.py	644	legacy
tldw_chatbook/Subscriptions/briefing_audio.py	648	legacy
tldw_chatbook/Subscriptions/briefing_audio.py	664	legacy
tldw_chatbook/Subscriptions/briefing_audio.py	666	legacy
tldw_chatbook/Subscriptions/briefing_voices.py	68	legacy
tldw_chatbook/Subscriptions/briefing_voices.py	124	legacy
tldw_chatbook/Subscriptions/db_offload.py	51	retired
tldw_chatbook/Subscriptions/monitoring_engine.py	366	Deprecated
tldw_chatbook/Subscriptions/monitoring_engine.py	524	retired
tldw_chatbook/Sync_Interop/domain_adapters/media.py	1	legacy
tldw_chatbook/Sync_Interop/envelope_builder.py	155	legacy
tldw_chatbook/Sync_Interop/notes_mirror.py	46	legacy
tldw_chatbook/Sync_Interop/notes_organization_inventory.py	1	legacy
tldw_chatbook/Sync_Interop/notes_organization_inventory.py	735	legacy
tldw_chatbook/Sync_Interop/notes_organization_inventory.py	759	legacy
tldw_chatbook/Sync_Interop/notes_organization_sync_service.py	820	legacy
tldw_chatbook/Sync_Interop/sync_state_repository.py	145	legacy
tldw_chatbook/TTS/TTS_Backends.py	34	legacy
tldw_chatbook/TTS/TTS_Backends.py	52	legacy
tldw_chatbook/TTS/TTS_Backends.py	53	legacy
tldw_chatbook/TTS/TTS_Backends.py	60	legacy
tldw_chatbook/TTS/TTS_Backends.py	63	legacy
tldw_chatbook/TTS/TTS_Backends.py	68	legacy
tldw_chatbook/TTS/TTS_Backends.py	115	Legacy
tldw_chatbook/TTS/TTS_Backends.py	120	Legacy
tldw_chatbook/TTS/TTS_Backends.py	207	legacy
tldw_chatbook/TTS/TTS_Generation.py	2433	legacy
tldw_chatbook/TTS/TTS_Generation.py	2437	legacy
tldw_chatbook/TTS/adapter_bootstrap.py	107	legacy
tldw_chatbook/TTS/adapter_registry.py	63	retired
tldw_chatbook/TTS/adapter_registry.py	74	retired
tldw_chatbook/TTS/adapter_registry.py	180	retired
tldw_chatbook/TTS/adapter_registry.py	679	retired
tldw_chatbook/TTS/adapter_registry.py	686	retired
tldw_chatbook/TTS/adapter_registry.py	737	retired
tldw_chatbook/TTS/adapter_registry.py	742	retired
tldw_chatbook/TTS/adapter_registry.py	743	retired
tldw_chatbook/TTS/adapter_registry.py	910	retired
tldw_chatbook/TTS/adapter_registry.py	911	retired
tldw_chatbook/TTS/adapter_registry.py	918	retired
tldw_chatbook/TTS/adapter_registry.py	919	retired
tldw_chatbook/TTS/adapter_registry.py	1043	retired
tldw_chatbook/TTS/adapter_registry.py	1044	retired
tldw_chatbook/TTS/adapter_registry.py	1045	retired
tldw_chatbook/TTS/adapter_registry.py	1061	retired
tldw_chatbook/TTS/adapter_registry.py	1062	retired
tldw_chatbook/TTS/adapter_registry.py	1133	retired
tldw_chatbook/TTS/audio_cpp_guided_launch.py	853	retired
tldw_chatbook/TTS/backends/higgs.py	967	legacy
tldw_chatbook/TTS/legacy_bridge.py	40	Legacy
tldw_chatbook/TTS/legacy_bridge.py	175	legacy
tldw_chatbook/TTS/legacy_bridge.py	178	legacy
tldw_chatbook/TTS/legacy_bridge.py	182	legacy
tldw_chatbook/TTS/legacy_bridge.py	188	legacy
tldw_chatbook/TTS/legacy_bridge.py	216	legacy
tldw_chatbook/TTS/legacy_bridge.py	319	legacy
tldw_chatbook/TTS/legacy_bridge.py	434	Legacy
tldw_chatbook/TTS/legacy_bridge.py	552	Legacy
tldw_chatbook/TTS/legacy_bridge.py	559	Legacy
tldw_chatbook/TTS/legacy_bridge.py	587	legacy
tldw_chatbook/TTS/legacy_bridge.py	699	Legacy
tldw_chatbook/TTS/legacy_bridge.py	744	Legacy
tldw_chatbook/TTS/legacy_bridge.py	810	legacy
tldw_chatbook/TTS/legacy_bridge.py	814	Legacy
tldw_chatbook/TTS/legacy_bridge.py	816	Legacy
tldw_chatbook/TTS/legacy_bridge.py	819	Legacy
tldw_chatbook/TTS/legacy_catalogs.py	219	legacy
tldw_chatbook/TTS/legacy_catalogs.py	229	legacy
tldw_chatbook/TTS/legacy_request_builder.py	1	legacy
tldw_chatbook/TTS/legacy_request_builder.py	3	Legacy
tldw_chatbook/TTS/legacy_request_builder.py	53	legacy
tldw_chatbook/TTS/legacy_request_builder.py	62	legacy
tldw_chatbook/TTS/legacy_request_builder.py	70	Legacy
tldw_chatbook/TTS/legacy_request_builder.py	81	legacy
tldw_chatbook/TTS/legacy_request_builder.py	85	legacy
tldw_chatbook/TTS/legacy_request_builder.py	89	Legacy
tldw_chatbook/TTS/legacy_request_builder.py	91	Legacy
tldw_chatbook/TTS/pcm_stream.py	96	legacy
tldw_chatbook/TTS/pcm_stream.py	105	legacy
tldw_chatbook/TTS/playground_types.py	77	legacy
tldw_chatbook/TTS/playground_types.py	79	legacy
tldw_chatbook/TTS/preferences.py	260	legacy
tldw_chatbook/TTS/preferences.py	269	legacy
tldw_chatbook/TTS/preferences.py	279	legacy
tldw_chatbook/TTS/preferences.py	286	legacy
tldw_chatbook/TTS/preferences.py	297	legacy
tldw_chatbook/TTS/profile_reference_materialization.py	639	retired
tldw_chatbook/TTS/profile_reference_materialization.py	644	retired
tldw_chatbook/TTS/profile_repository.py	5869	retired
tldw_chatbook/TTS/profile_repository.py	5870	retired
tldw_chatbook/TTS/profile_repository.py	5872	retired
tldw_chatbook/TTS/profile_repository.py	5960	retired
tldw_chatbook/TTS/profile_service.py	140	legacy
tldw_chatbook/TTS/profile_service.py	488	legacy
tldw_chatbook/TTS/profile_types.py	82	legacy
tldw_chatbook/TTS/profile_types.py	85	Legacy
tldw_chatbook/TTS/profile_types.py	85	legacy
tldw_chatbook/TTS/profile_validation.py	587	legacy
tldw_chatbook/TTS/recovery.py	181	legacy
tldw_chatbook/TTS/request_admission.py	977	Legacy
tldw_chatbook/TTS/request_admission.py	998	Legacy
tldw_chatbook/TTS/request_admission.py	1004	Legacy
tldw_chatbook/TTS/studio_preferences.py	452	legacy
tldw_chatbook/TTS/studio_preferences.py	453	legacy
tldw_chatbook/TTS/studio_preferences.py	454	legacy
tldw_chatbook/TTS/voice_bundle_service.py	1614	retired
tldw_chatbook/TTS/voice_bundle_service.py	1628	retired
tldw_chatbook/Terminal/posix_backend.py	1143	retired
tldw_chatbook/Terminal/posix_backend.py	1148	retired
tldw_chatbook/Terminal/posix_backend.py	1221	retired
tldw_chatbook/Tool_Packs/binding.py	495	legacy
tldw_chatbook/UI/CCP_Modules/ccp_character_handler.py	42	legacy
tldw_chatbook/UI/CCP_Modules/ccp_character_handler.py	427	Legacy
tldw_chatbook/UI/CCP_Modules/ccp_persona_handler.py	117	legacy
tldw_chatbook/UI/LLM_Management/vllm_profiles.py	841	legacy
tldw_chatbook/UI/LLM_Management_Window.py	980	legacy
tldw_chatbook/UI/MediaWindow_v2.py	2184	legacy
tldw_chatbook/UI/MediaWindow_v2.py	2186	legacy
tldw_chatbook/UI/MediaWindow_v2.py	2289	legacy
tldw_chatbook/UI/STTS_Window.py	1501	legacy
tldw_chatbook/UI/STTS_Window.py	1536	legacy
tldw_chatbook/UI/Screens/change_review_screen.py	970	legacy
tldw_chatbook/UI/Screens/change_review_screen.py	1412	legacy
tldw_chatbook/UI/Screens/change_review_screen.py	2088	legacy
tldw_chatbook/UI/Screens/change_review_screen.py	3513	legacy
tldw_chatbook/UI/Screens/chat_screen.py	998	legacy
tldw_chatbook/UI/Screens/chat_screen.py	1630	legacy
tldw_chatbook/UI/Screens/chat_screen.py	1656	legacy
tldw_chatbook/UI/Screens/chat_screen.py	1727	legacy
tldw_chatbook/UI/Screens/chat_screen.py	2154	legacy
tldw_chatbook/UI/Screens/chat_screen.py	2155	retired
tldw_chatbook/UI/Screens/chat_screen.py	6264	retired
tldw_chatbook/UI/Screens/chat_screen.py	10731	Legacy
tldw_chatbook/UI/Screens/chat_screen.py	10733	legacy
tldw_chatbook/UI/Screens/chat_screen.py	11685	legacy
tldw_chatbook/UI/Screens/chat_screen.py	12200	retired
tldw_chatbook/UI/Screens/chat_screen.py	14128	legacy
tldw_chatbook/UI/Screens/chat_screen.py	14140	legacy
tldw_chatbook/UI/Screens/chat_screen.py	14151	legacy
tldw_chatbook/UI/Screens/chat_screen.py	14196	legacy
tldw_chatbook/UI/Screens/chat_screen.py	14468	legacy
tldw_chatbook/UI/Screens/chat_screen.py	14958	legacy
tldw_chatbook/UI/Screens/chat_screen.py	16165	legacy
tldw_chatbook/UI/Screens/chat_screen.py	16197	legacy
tldw_chatbook/UI/Screens/chat_screen.py	16991	retired
tldw_chatbook/UI/Screens/chat_screen.py	17354	legacy
tldw_chatbook/UI/Screens/chat_screen.py	17361	legacy
tldw_chatbook/UI/Screens/chat_screen.py	17387	Legacy
tldw_chatbook/UI/Screens/chat_screen.py	17557	legacy
tldw_chatbook/UI/Screens/chat_screen.py	18761	legacy
tldw_chatbook/UI/Screens/chat_screen.py	21561	retired
tldw_chatbook/UI/Screens/chat_screen.py	24188	deprecated
tldw_chatbook/UI/Screens/chat_screen.py	24201	deprecated
tldw_chatbook/UI/Screens/chat_screen.py	24660	retired
tldw_chatbook/UI/Screens/chat_screen.py	24941	Legacy
tldw_chatbook/UI/Screens/chat_screen.py	25104	retired
tldw_chatbook/UI/Screens/evals_screen.py	2814	legacy
tldw_chatbook/UI/Screens/home_screen.py	722	legacy
tldw_chatbook/UI/Screens/library_screen.py	1223	retired
tldw_chatbook/UI/Screens/library_screen.py	5926	legacy
tldw_chatbook/UI/Screens/library_screen.py	5928	legacy
tldw_chatbook/UI/Screens/library_screen.py	6493	legacy
tldw_chatbook/UI/Screens/library_screen.py	6880	legacy
tldw_chatbook/UI/Screens/library_screen.py	6883	legacy
tldw_chatbook/UI/Screens/library_screen.py	6884	legacy
tldw_chatbook/UI/Screens/library_screen.py	12332	retired
tldw_chatbook/UI/Screens/library_screen.py	12341	legacy
tldw_chatbook/UI/Screens/library_screen.py	12347	retired
tldw_chatbook/UI/Screens/library_screen.py	12355	retired
tldw_chatbook/UI/Screens/library_screen.py	14769	retired
tldw_chatbook/UI/Screens/library_screen.py	14912	retired
tldw_chatbook/UI/Screens/library_screen.py	14913	legacy
tldw_chatbook/UI/Screens/library_screen.py	19313	legacy
tldw_chatbook/UI/Screens/library_screen.py	20478	legacy
tldw_chatbook/UI/Screens/library_screen.py	22601	legacy
tldw_chatbook/UI/Screens/library_screen.py	22805	retired
tldw_chatbook/UI/Screens/library_screen.py	24270	retired
tldw_chatbook/UI/Screens/library_screen.py	24456	retired
tldw_chatbook/UI/Screens/library_screen.py	26983	legacy
tldw_chatbook/UI/Screens/library_screen.py	28064	legacy
tldw_chatbook/UI/Screens/library_screen.py	29407	legacy
tldw_chatbook/UI/Screens/library_screen.py	29437	legacy
tldw_chatbook/UI/Screens/library_screen.py	30597	retired
tldw_chatbook/UI/Screens/library_screen.py	34444	legacy
tldw_chatbook/UI/Screens/library_screen.py	34450	legacy
tldw_chatbook/UI/Screens/library_screen.py	34456	legacy
tldw_chatbook/UI/Screens/library_screen.py	35543	retired
tldw_chatbook/UI/Screens/llm_screen.py	325	legacy
tldw_chatbook/UI/Screens/llm_screen.py	4966	legacy
tldw_chatbook/UI/Screens/mcp_screen.py	158	legacy
tldw_chatbook/UI/Screens/mcp_screen.py	159	legacy
tldw_chatbook/UI/Screens/mcp_screen.py	159	legacy
tldw_chatbook/UI/Screens/media_screen.py	72	legacy
tldw_chatbook/UI/Screens/model_browser_state.py	93	legacy
tldw_chatbook/UI/Screens/model_browser_state.py	101	legacy
tldw_chatbook/UI/Screens/model_browser_state.py	402	legacy
tldw_chatbook/UI/Screens/model_browser_state.py	407	Legacy
tldw_chatbook/UI/Screens/model_installed_view.py	1	legacy
tldw_chatbook/UI/Screens/model_installed_view.py	243	Legacy
tldw_chatbook/UI/Screens/model_installed_view.py	406	legacy
tldw_chatbook/UI/Screens/model_installed_view.py	608	legacy
tldw_chatbook/UI/Screens/model_installed_view.py	611	Legacy
tldw_chatbook/UI/Screens/model_installed_view.py	616	legacy
tldw_chatbook/UI/Screens/model_installed_view.py	687	legacy
tldw_chatbook/UI/Screens/personas_screen.py	426	retired
tldw_chatbook/UI/Screens/personas_screen.py	445	retired
tldw_chatbook/UI/Screens/personas_screen.py	1549	retired
tldw_chatbook/UI/Screens/personas_screen.py	4593	retired
tldw_chatbook/UI/Screens/personas_screen.py	5176	retired
tldw_chatbook/UI/Screens/personas_screen.py	7340	legacy
tldw_chatbook/UI/Screens/personas_screen.py	7352	legacy
tldw_chatbook/UI/Screens/personas_screen.py	10258	legacy
tldw_chatbook/UI/Screens/personas_screen.py	10286	legacy
tldw_chatbook/UI/Screens/personas_screen.py	13659	legacy
tldw_chatbook/UI/Screens/personas_screen.py	13998	legacy
tldw_chatbook/UI/Screens/personas_screen.py	14467	legacy
tldw_chatbook/UI/Screens/personas_screen.py	15229	legacy
tldw_chatbook/UI/Screens/schedules_screen.py	3	DEPRECATED
tldw_chatbook/UI/Screens/scheduling/conflicts_tab.py	5	retired
tldw_chatbook/UI/Screens/scheduling/conflicts_tab.py	97	retired
tldw_chatbook/UI/Screens/scheduling/definition_detail.py	7	retired
tldw_chatbook/UI/Screens/scheduling/definition_detail.py	553	retired
tldw_chatbook/UI/Screens/scheduling/definition_detail.py	558	retired
tldw_chatbook/UI/Screens/scheduling/definition_detail.py	589	retired
tldw_chatbook/UI/Screens/scheduling/definition_detail.py	662	retired
tldw_chatbook/UI/Screens/scheduling/definition_detail.py	818	retired
tldw_chatbook/UI/Screens/scheduling/definition_detail.py	839	retired
tldw_chatbook/UI/Screens/scheduling/definition_detail.py	1720	retired
tldw_chatbook/UI/Screens/scheduling/definition_detail.py	1810	retired
tldw_chatbook/UI/Screens/scheduling/results_tab.py	6	retired
tldw_chatbook/UI/Screens/scheduling/results_tab.py	17	retired
tldw_chatbook/UI/Screens/scheduling/results_tab.py	37	retired
tldw_chatbook/UI/Screens/scheduling/results_tab.py	290	retired
tldw_chatbook/UI/Screens/scheduling/results_tab.py	531	retired
tldw_chatbook/UI/Screens/scheduling/results_tab.py	635	retired
tldw_chatbook/UI/Screens/scheduling/schedules_workbench.py	408	legacy
tldw_chatbook/UI/Screens/scheduling/schedules_workbench.py	424	retired
tldw_chatbook/UI/Screens/scheduling/schedules_workbench.py	444	retired
tldw_chatbook/UI/Screens/scheduling/schedules_workbench.py	501	retired
tldw_chatbook/UI/Screens/scheduling/schedules_workbench.py	786	retired
tldw_chatbook/UI/Screens/scheduling/schedules_workbench.py	800	retired
tldw_chatbook/UI/Screens/scheduling/schedules_workbench.py	1201	retired
tldw_chatbook/UI/Screens/scheduling/schedules_workbench.py	1271	retired
tldw_chatbook/UI/Screens/scheduling/schedules_workbench.py	1279	retired
tldw_chatbook/UI/Screens/scheduling/schedules_workbench.py	1284	retired
tldw_chatbook/UI/Screens/scheduling/schedules_workbench.py	1407	retired
tldw_chatbook/UI/Screens/scheduling/schedules_workbench.py	2087	legacy
tldw_chatbook/UI/Screens/scheduling/schedules_workbench.py	2088	retired
tldw_chatbook/UI/Screens/scheduling/schedules_workbench.py	2364	legacy
tldw_chatbook/UI/Screens/scheduling/schedules_workbench.py	2367	retired
tldw_chatbook/UI/Screens/scheduling/schedules_workbench.py	2412	retired
tldw_chatbook/UI/Screens/scheduling/schedules_workbench.py	2420	retired
tldw_chatbook/UI/Screens/scheduling/schedules_workbench.py	2430	retired
tldw_chatbook/UI/Screens/scheduling/schedules_workbench.py	2446	retired
tldw_chatbook/UI/Screens/scheduling/schedules_workbench.py	2517	retired
tldw_chatbook/UI/Screens/scheduling/schedules_workbench.py	2528	retired
tldw_chatbook/UI/Screens/scheduling/schedules_workbench.py	2580	retired
tldw_chatbook/UI/Screens/scheduling/schedules_workbench.py	2591	retired
tldw_chatbook/UI/Screens/scheduling/schedules_workbench.py	2935	retired
tldw_chatbook/UI/Screens/scheduling/schedules_workbench.py	3164	retired
tldw_chatbook/UI/Screens/scheduling/schedules_workbench.py	3390	retired
tldw_chatbook/UI/Screens/scheduling/schedules_workbench.py	3412	legacy
tldw_chatbook/UI/Screens/scheduling/schedules_workbench.py	3415	legacy
tldw_chatbook/UI/Screens/scheduling/schedules_workbench.py	3415	retired
tldw_chatbook/UI/Screens/scheduling/schedules_workbench.py	3897	retired
tldw_chatbook/UI/Screens/scheduling/schedules_workbench.py	3978	retired
tldw_chatbook/UI/Screens/scheduling/schedules_workbench.py	4240	retired
tldw_chatbook/UI/Screens/scheduling/schedules_workbench.py	4385	retired
tldw_chatbook/UI/Screens/scheduling/schedules_workbench.py	4511	retired
tldw_chatbook/UI/Screens/scheduling/schedules_workbench.py	4511	retired
tldw_chatbook/UI/Screens/scheduling/schedules_workbench.py	4920	Legacy
tldw_chatbook/UI/Screens/scheduling/schedules_workbench.py	4975	retired
tldw_chatbook/UI/Screens/scheduling/schedules_workbench.py	5057	retired
tldw_chatbook/UI/Screens/scheduling/schedules_workbench.py	5186	retired
tldw_chatbook/UI/Screens/scheduling/task_detail.py	616	legacy
tldw_chatbook/UI/Screens/scheduling/task_detail.py	769	legacy
tldw_chatbook/UI/Screens/scheduling/task_detail.py	901	legacy
tldw_chatbook/UI/Screens/scheduling/task_detail.py	1020	legacy
tldw_chatbook/UI/Screens/scheduling/task_detail.py	1020	retired
tldw_chatbook/UI/Screens/scheduling/task_detail.py	1131	legacy
tldw_chatbook/UI/Screens/scheduling/task_detail.py	1432	legacy
tldw_chatbook/UI/Screens/scheduling/task_detail.py	1510	legacy
tldw_chatbook/UI/Screens/scheduling/task_detail.py	1539	legacy
tldw_chatbook/UI/Screens/scheduling/task_detail.py	1540	retired
tldw_chatbook/UI/Screens/scheduling/task_detail.py	1699	legacy
tldw_chatbook/UI/Screens/scheduling/task_detail.py	1700	retired
tldw_chatbook/UI/Screens/scheduling/workbench_host_screen.py	12	retired
tldw_chatbook/UI/Screens/settings_config_adapter.py	260	deprecated
tldw_chatbook/UI/Screens/settings_endpoint_probe.py	122	legacy
tldw_chatbook/UI/Screens/settings_endpoint_probe.py	579	legacy
tldw_chatbook/UI/Screens/settings_privacy_security.py	79	legacy
tldw_chatbook/UI/Screens/settings_privacy_security.py	313	legacy
tldw_chatbook/UI/Screens/settings_privacy_security.py	329	legacy
tldw_chatbook/UI/Screens/settings_provider_view_model.py	145	legacy
tldw_chatbook/UI/Screens/settings_rag_profile_adapter.py	4	deprecated
tldw_chatbook/UI/Screens/settings_screen.py	3	legacy
tldw_chatbook/UI/Screens/settings_screen.py	5	deprecated
tldw_chatbook/UI/Screens/settings_screen.py	5	legacy
tldw_chatbook/UI/Screens/settings_screen.py	2764	retired
tldw_chatbook/UI/Screens/settings_screen.py	6166	legacy
tldw_chatbook/UI/Screens/settings_screen.py	7663	legacy
tldw_chatbook/UI/Screens/settings_screen.py	13439	legacy
tldw_chatbook/UI/Screens/settings_screen.py	13442	legacy
tldw_chatbook/UI/Screens/settings_screen.py	13545	legacy
tldw_chatbook/UI/Screens/settings_screen.py	18778	legacy
tldw_chatbook/UI/Screens/settings_screen.py	18809	retired
tldw_chatbook/UI/Screens/settings_screen.py	19105	retired
tldw_chatbook/UI/Screens/settings_screen.py	20593	legacy
tldw_chatbook/UI/Screens/settings_screen.py	21792	retired
tldw_chatbook/UI/Screens/settings_speech_tts.py	342	Legacy
tldw_chatbook/UI/Screens/settings_speech_tts.py	813	legacy
tldw_chatbook/UI/Screens/settings_web_search.py	164	legacy
tldw_chatbook/UI/Screens/stts_screen.py	106	legacy
tldw_chatbook/UI/Screens/stts_screen.py	174	legacy
tldw_chatbook/UI/Screens/stts_screen.py	174	retired
tldw_chatbook/UI/Screens/tools_settings_screen.py	3	DEPRECATED
tldw_chatbook/UI/Screens/tools_settings_screen.py	3	legacy
tldw_chatbook/UI/Screens/trajectory_screen.py	34	legacy
tldw_chatbook/UI/Screens/trajectory_screen.py	575	legacy
tldw_chatbook/UI/Screens/watchlists_collections_screen.py	357	legacy
tldw_chatbook/UI/Screens/watchlists_collections_screen.py	6063	legacy
tldw_chatbook/UI/Screens/watchlists_collections_screen.py	11606	legacy
tldw_chatbook/UI/Speech/speech_axis_row.py	18	legacy
tldw_chatbook/UI/Speech/speech_axis_row.py	49	Legacy
tldw_chatbook/UI/Speech/speech_axis_row.py	165	legacy
tldw_chatbook/UI/Speech/speech_axis_row.py	169	legacy
tldw_chatbook/UI/Speech/speech_axis_row.py	182	legacy
tldw_chatbook/UI/Speech/speech_axis_row.py	184	Legacy
tldw_chatbook/UI/Speech/speech_catalog_mixin.py	1	legacy
tldw_chatbook/UI/Speech/speech_catalog_mixin.py	9	legacy
tldw_chatbook/UI/Speech/speech_catalog_mixin.py	10	legacy
tldw_chatbook/UI/Speech/speech_catalog_mixin.py	467	retired
tldw_chatbook/UI/Speech/speech_catalog_mixin.py	774	legacy
tldw_chatbook/UI/Speech/speech_catalog_mixin.py	829	legacy
tldw_chatbook/UI/Speech/speech_catalog_mixin.py	928	Legacy
tldw_chatbook/UI/Speech/speech_catalog_mixin.py	1731	retired
tldw_chatbook/UI/Speech/speech_param_group.py	10	legacy
tldw_chatbook/UI/Speech/speech_param_group.py	27	legacy
tldw_chatbook/UI/Speech/speech_playback_mixin.py	104	retired
tldw_chatbook/UI/Speech/speech_playback_mixin.py	164	retired
tldw_chatbook/UI/Speech/speech_playback_mixin.py	235	retired
tldw_chatbook/UI/Speech/speech_playback_mixin.py	544	legacy
tldw_chatbook/UI/Speech/speech_playground_model.py	58	legacy
tldw_chatbook/UI/Speech/speech_playground_model.py	146	legacy
tldw_chatbook/UI/Speech/speech_playground_model.py	155	legacy
tldw_chatbook/UI/Speech/speech_playground_model.py	160	legacy
tldw_chatbook/UI/Speech/speech_playground_model.py	168	Legacy
tldw_chatbook/UI/Speech/speech_playground_model.py	173	legacy
tldw_chatbook/UI/Speech/speech_playground_model.py	186	legacy
tldw_chatbook/UI/Speech/speech_playground_pane.py	3	legacy
tldw_chatbook/UI/Speech/speech_playground_pane.py	19	legacy
tldw_chatbook/UI/Speech/speech_playground_pane.py	155	legacy
tldw_chatbook/UI/Speech/speech_playground_pane.py	164	legacy
tldw_chatbook/UI/Speech/speech_playground_pane.py	240	legacy
tldw_chatbook/UI/Speech/speech_playground_pane.py	271	legacy
tldw_chatbook/UI/Speech/speech_playground_pane.py	275	legacy
tldw_chatbook/UI/Speech/speech_playground_pane.py	1221	legacy
tldw_chatbook/UI/Speech/speech_playground_pane.py	1347	legacy
tldw_chatbook/UI/Speech/speech_playground_pane.py	2787	legacy
tldw_chatbook/UI/Speech/speech_playground_pane.py	2830	Legacy
tldw_chatbook/UI/Speech/speech_playground_pane.py	2933	Legacy
tldw_chatbook/UI/Speech/speech_playground_pane.py	2965	legacy
tldw_chatbook/UI/Speech/speech_profile_mixin.py	3	legacy
tldw_chatbook/UI/Speech/speech_profile_mixin.py	142	legacy
tldw_chatbook/UI/Speech/speech_profile_mixin.py	259	legacy
tldw_chatbook/UI/Speech/speech_profile_mixin.py	275	LEGACY
tldw_chatbook/UI/Speech/speech_profile_mixin.py	287	legacy
tldw_chatbook/UI/Speech/speech_profile_mixin.py	288	legacy
tldw_chatbook/UI/Speech/speech_profile_mixin.py	302	legacy
tldw_chatbook/UI/Speech/speech_profile_mixin.py	302	legacy
tldw_chatbook/UI/Speech/speech_settings_contracts.py	8	legacy
tldw_chatbook/UI/Speech/speech_settings_contracts.py	368	retired
tldw_chatbook/UI/Speech/speech_settings_contracts.py	393	Retired
tldw_chatbook/UI/Speech/speech_settings_contracts.py	395	retired
tldw_chatbook/UI/Speech/speech_settings_contracts.py	548	Legacy
tldw_chatbook/UI/Speech/speech_settings_contracts.py	557	Legacy
tldw_chatbook/UI/Speech/speech_settings_group.py	3	legacy
tldw_chatbook/UI/Speech/speech_settings_group.py	59	legacy
tldw_chatbook/UI/Speech/speech_settings_group.py	75	legacy
tldw_chatbook/UI/Speech/speech_settings_group.py	100	legacy
tldw_chatbook/UI/Speech/speech_settings_group.py	189	legacy
tldw_chatbook/UI/Speech/speech_settings_group.py	259	legacy
tldw_chatbook/UI/Speech/speech_settings_group.py	261	legacy
tldw_chatbook/UI/Speech/speech_settings_group.py	544	legacy
tldw_chatbook/UI/Speech/speech_settings_mixin.py	11	legacy
tldw_chatbook/UI/Speech/speech_settings_mixin.py	66	legacy
tldw_chatbook/UI/Speech/speech_settings_mixin.py	146	retired
tldw_chatbook/UI/Speech/speech_settings_mixin.py	151	retired
tldw_chatbook/UI/Speech/speech_settings_mixin.py	152	legacy
tldw_chatbook/UI/Speech/speech_settings_model.py	6	legacy
tldw_chatbook/UI/Speech/speech_settings_model.py	19	legacy
tldw_chatbook/UI/Speech/speech_settings_model.py	116	legacy
tldw_chatbook/UI/Speech/speech_settings_model.py	153	Legacy
tldw_chatbook/UI/Speech/speech_settings_model.py	319	legacy
tldw_chatbook/UI/Speech/speech_settings_pane.py	1538	legacy
tldw_chatbook/UI/Speech/speech_synthesis_mixin.py	1	legacy
tldw_chatbook/UI/Speech/speech_synthesis_mixin.py	10	legacy
tldw_chatbook/UI/Speech/speech_synthesis_mixin.py	155	legacy
tldw_chatbook/UI/Speech/speech_synthesis_mixin.py	155	retired
tldw_chatbook/UI/Speech/speech_synthesis_mixin.py	220	legacy
tldw_chatbook/UI/Speech/speech_synthesis_mixin.py	220	retired
tldw_chatbook/UI/Study_Window.py	77	legacy
tldw_chatbook/UI/Study_Window.py	84	legacy
tldw_chatbook/UI/Subscription_Modules/__init__.py	1	retired
tldw_chatbook/UI/Subscription_Modules/__init__.py	4	legacy
tldw_chatbook/UI/Tools_Settings_Window.py	3	DEPRECATED
tldw_chatbook/UI/Tools_Settings_Window.py	3	legacy
tldw_chatbook/UI/Tools_Settings_Window.py	59	deprecated
tldw_chatbook/UI/Tools_Settings_Window.py	200	legacy
tldw_chatbook/UI/Tools_Settings_Window.py	2524	legacy
tldw_chatbook/UI/Tools_Settings_Window.py	5455	retired
tldw_chatbook/UI/Tools_Settings_Window.py	5459	retired
tldw_chatbook/UI/Tools_Settings_Window.py	5751	legacy
tldw_chatbook/UI/Tools_Settings_Window.py	5893	legacy
tldw_chatbook/UI/Tools_Settings_Window.py	5898	legacy
tldw_chatbook/UI/Tools_Settings_Window.py	5902	legacy
tldw_chatbook/UI/Tools_Settings_Window.py	5916	legacy
tldw_chatbook/UI/Tools_Settings_Window.py	5927	legacy
tldw_chatbook/UI/Tools_Settings_Window.py	5952	legacy
tldw_chatbook/UI/Tools_Settings_Window.py	6025	legacy
tldw_chatbook/UI/Tools_Settings_Window.py	6032	legacy
tldw_chatbook/UI/Views/RAGSearch/__init__.py	8	retired
tldw_chatbook/UI/Widgets/trajectory_timeline.py	137	legacy
tldw_chatbook/UI/Wizards/FirstRunSetupWizard.py	985	legacy
tldw_chatbook/UI/Wizards/FirstRunSetupWizard.py	1011	Legacy
tldw_chatbook/UI/Wizards/first_run_setup_state.py	1688	legacy
tldw_chatbook/UI/Workbench/route_inventory.py	30	Retired
tldw_chatbook/UI/Workbench/route_inventory.py	41	legacy
tldw_chatbook/UI/Workbench/route_inventory.py	41	retired
tldw_chatbook/UI/Workbench/route_inventory.py	44	retired
tldw_chatbook/UI/Workbench/route_inventory.py	45	legacy
tldw_chatbook/UI/stts_playground_catalog.py	330	legacy
tldw_chatbook/UI/stts_playground_catalog.py	449	legacy
tldw_chatbook/UI/stts_profile_library.py	162	Legacy
tldw_chatbook/UI/stts_profile_library.py	166	Legacy
tldw_chatbook/UI/stts_profile_library.py	170	Legacy
tldw_chatbook/UI/stts_profile_library.py	177	LEGACY
tldw_chatbook/UI/stts_profile_library.py	177	legacy
tldw_chatbook/UI/stts_profile_library.py	1011	legacy
tldw_chatbook/UI/stts_profile_library.py	2889	legacy
tldw_chatbook/UI/stts_profile_library.py	3030	legacy
tldw_chatbook/UI/tools_settings_messages.py	1	legacy
tldw_chatbook/UI/tools_settings_messages.py	16	DEPRECATED
tldw_chatbook/UI/tools_settings_messages.py	20	deprecated
tldw_chatbook/UI/tts_profile_recovery.py	46	legacy
tldw_chatbook/Web_Scraping/Confluence/confluence_scraper.py	327	Legacy
tldw_chatbook/Web_Scraping/Confluence/confluence_scraper.py	337	legacy
tldw_chatbook/Web_Scraping/Confluence/confluence_utils.py	481	Legacy
tldw_chatbook/Web_Scraping/WebSearch_APIs.py	374	legacy
tldw_chatbook/Web_Scraping/WebSearch_APIs.py	2483	legacy
tldw_chatbook/Web_Scraping/WebSearch_APIs.py	2484	legacy
tldw_chatbook/Web_Scraping/WebSearch_APIs.py	3629	legacy
tldw_chatbook/Web_Scraping/WebSearch_APIs.py	4099	Legacy
tldw_chatbook/Web_Scraping/search_backend_settings.py	99	legacy
tldw_chatbook/Web_Scraping/search_backend_settings.py	101	legacy
tldw_chatbook/Web_Scraping/search_backend_settings.py	102	deprecated
tldw_chatbook/Web_Scraping/search_backend_settings.py	102	legacy
tldw_chatbook/Web_Scraping/search_backend_settings.py	135	retired
tldw_chatbook/Web_Scraping/search_backend_settings.py	136	Legacy
tldw_chatbook/Web_Scraping/search_backend_settings.py	139	retired
tldw_chatbook/Web_Scraping/search_backend_settings.py	166	legacy
tldw_chatbook/Widgets/AppFooterStatus.py	526	retired
tldw_chatbook/Widgets/Evals/__init__.py	1	retired
tldw_chatbook/Widgets/Media/media_list_panel.py	37	legacy
tldw_chatbook/Widgets/Media/media_viewer_panel.py	1389	legacy
tldw_chatbook/Widgets/Media/media_viewer_panel.py	1715	legacy
tldw_chatbook/Widgets/Media/media_viewer_panel.py	2120	legacy
tldw_chatbook/Widgets/NewIngest/BackendIntegration.py	1	legacy
tldw_chatbook/Widgets/NewIngest/ProcessingDashboard.py	1	legacy
tldw_chatbook/Widgets/NewIngest/ProcessingDashboard.py	21	Legacy
tldw_chatbook/Widgets/NewIngest/ProcessingDashboard.py	36	legacy
tldw_chatbook/Widgets/NewIngest/SmartFileDropZone.py	1	legacy
tldw_chatbook/Widgets/NewIngest/SmartFileDropZone.py	19	Legacy
tldw_chatbook/Widgets/NewIngest/SmartFileDropZone.py	34	legacy
tldw_chatbook/Widgets/NewIngest/UnifiedProcessor.py	1	legacy
tldw_chatbook/Widgets/NewIngest/__init__.py	1	Legacy
tldw_chatbook/Widgets/Prompts/prompt_block_editor_state.py	145	legacy
tldw_chatbook/Widgets/compact_model_bar.py	209	retired
tldw_chatbook/Widgets/enhanced_file_picker.py	470	legacy
tldw_chatbook/Widgets/enhanced_file_picker.py	1259	legacy
tldw_chatbook/Widgets/enhanced_file_picker.py	1303	legacy
tldw_chatbook/Workflows/document_service.py	939	Legacy
tldw_chatbook/css/build_css.py	282	retired
tldw_chatbook/css/build_css.py	301	retired
tldw_chatbook/css/build_css.py	315	legacy
tldw_chatbook/css/build_css.py	315	retired
tldw_chatbook/css/build_css.py	1249	legacy
tldw_chatbook/state/__init__.py	1	Legacy
tldw_chatbook/state/app_state.py	3	legacy
tldw_chatbook/tldw_api/auth_user_schemas.py	69	deprecated
tldw_chatbook/tldw_api/llm_provider_schemas.py	27	deprecated
tldw_chatbook/tldw_api/notes_workspace_schemas.py	756	legacy
tldw_chatbook/tldw_api/prompt_chatbook_schemas.py	10	legacy
tldw_chatbook/tldw_api/prompt_chatbook_schemas.py	25	legacy
tldw_chatbook/tldw_api/prompt_chatbook_schemas.py	50	legacy
tldw_chatbook/tldw_api/prompt_chatbook_schemas.py	64	legacy
tldw_chatbook/tldw_api/prompt_chatbook_schemas.py	117	legacy
tldw_chatbook/tldw_api/prompt_studio_schemas.py	9	legacy
tldw_chatbook/tldw_api/prompt_studio_schemas.py	66	legacy
tldw_chatbook/tldw_api/prompt_studio_schemas.py	91	legacy
