tldw_chatbook/Actor_Packs/contracts.py	30	
tldw_chatbook/Actor_Packs/contracts.py	31	
tldw_chatbook/Actor_Packs/contracts.py	32	
tldw_chatbook/Actor_Packs/contracts.py	33	
tldw_chatbook/Actor_Packs/contracts.py	34	
tldw_chatbook/Actor_Packs/importer.py	57	
tldw_chatbook/Actor_Packs/importer.py	1032	
tldw_chatbook/Actor_Packs/repository.py	585	
tldw_chatbook/Canvas/archive.py	35	
tldw_chatbook/Canvas/limits.py	19	
tldw_chatbook/Canvas/limits.py	20	
tldw_chatbook/Canvas/limits.py	44	
tldw_chatbook/Canvas/limits.py	45	
tldw_chatbook/Canvas/limits.py	51	
tldw_chatbook/Canvas/limits.py	58	
tldw_chatbook/Canvas/runtime_assets.py	18	
tldw_chatbook/Character_Chat/Character_Chat_Lib.py	75	
tldw_chatbook/Character_Chat/Character_Chat_Lib.py	78	
tldw_chatbook/Character_Chat/Character_Chat_Lib.py	80	
tldw_chatbook/Character_Chat/Character_Chat_Lib.py	81	
tldw_chatbook/Character_Chat/Character_Chat_Lib.py	82	
tldw_chatbook/Character_Chat/buddy_conversion.py	24	
tldw_chatbook/Character_Chat/builtin_pixel_migu.py	12	
tldw_chatbook/Character_Chat/expression_set_io.py	22	
tldw_chatbook/Character_Chat/expression_set_io.py	23	
tldw_chatbook/Character_Chat/local_character_persona_service.py	331	
tldw_chatbook/Character_Chat/persona_visual_identity.py	14	
tldw_chatbook/Character_Chat/visual_identity.py	215	
tldw_chatbook/Character_Chat/visual_identity.py	216	
tldw_chatbook/Character_Chat/visual_identity.py	217	
tldw_chatbook/Character_Chat/visual_identity.py	219	
tldw_chatbook/Character_Chat/visual_identity.py	223	
tldw_chatbook/Character_Chat/visual_identity.py	227	
tldw_chatbook/Character_Chat/visual_identity.py	3171	
tldw_chatbook/Character_Chat/visual_identity.py	3172	
tldw_chatbook/Chatbooks/chatbook_importer.py	80	
tldw_chatbook/Chatbooks/chatbook_importer.py	81	
tldw_chatbook/Chatbooks/chatbook_importer.py	82	
tldw_chatbook/Chatbooks/chatbook_importer.py	84	
tldw_chatbook/Chatbooks/chatbook_importer.py	93	
tldw_chatbook/Chatbooks/chatbook_importer.py	94	
tldw_chatbook/Chatbooks/chatbook_importer.py	95	
tldw_chatbook/Chatbooks/chatbook_importer.py	96	
tldw_chatbook/Chatbooks/chatbook_importer.py	97	
tldw_chatbook/Chunking/Chunk_Lib.py	140	
tldw_chatbook/Chunking/Chunk_Lib.py	958	
tldw_chatbook/Chunking/engine/strategies/paragraphs.py	16	
tldw_chatbook/Chunking/lab_recovery.py	17	
tldw_chatbook/Chunking/lab_recovery.py	18	
tldw_chatbook/Chunking/lab_recovery.py	19	
tldw_chatbook/Chunking/lab_recovery.py	20	
tldw_chatbook/Chunking/lab_recovery.py	21	
tldw_chatbook/Chunking/lab_state.py	23	
tldw_chatbook/Chunking/lab_state.py	24	
tldw_chatbook/Coding/code_mapper.py	268	
tldw_chatbook/Coding/code_mapper.py	332	
tldw_chatbook/Evals/specialized_runners.py	425	
tldw_chatbook/Evals/specialized_runners.py	425	
tldw_chatbook/Image_Generation/adapters/comfyui_image_adapter.py	44	
tldw_chatbook/Image_Generation/config.py	22	
tldw_chatbook/Image_Generation/http_client.py	272	
tldw_chatbook/Image_Generation/request_validation.py	28	
tldw_chatbook/LLM_Management/snapshot_admission.py	38	
tldw_chatbook/LLM_Management/snapshot_admission.py	732	
tldw_chatbook/LLM_Management/snapshot_client.py	29	
tldw_chatbook/LLM_Management/snapshot_store.py	48	
tldw_chatbook/LLM_Provider_Catalog/model_discovery_disk_cache.py	18	
tldw_chatbook/Library/collections_capture_repository.py	91	
tldw_chatbook/Library/collections_capture_repository.py	92	
tldw_chatbook/Library/collections_offline_store.py	33	
tldw_chatbook/Library/collections_offline_store.py	34	
tldw_chatbook/Local_Ingestion/Book_Ingestion_Lib.py	114	
tldw_chatbook/Local_Ingestion/Book_Ingestion_Lib.py	115	
tldw_chatbook/Local_Ingestion/Book_Ingestion_Lib.py	116	
tldw_chatbook/Local_Ingestion/audio_processing.py	222	
tldw_chatbook/Local_Ingestion/audio_processing.py	308	
tldw_chatbook/Local_Ingestion/parakeet_v2_installer.py	19	
tldw_chatbook/Local_Ingestion/parakeet_v2_installer.py	20	
tldw_chatbook/Local_Ingestion/video_processing.py	120	
tldw_chatbook/Local_Ingestion/video_processing.py	334	
tldw_chatbook/Local_Ingestion/video_processing.py	780	
tldw_chatbook/Local_Ingestion/video_processing.py	826	
tldw_chatbook/Local_Ingestion/web_article_ingestion.py	15	
tldw_chatbook/Media/local_media_reading_service.py	4699	
tldw_chatbook/Model_Artifacts/acquisition.py	71	
tldw_chatbook/Model_Artifacts/acquisition.py	1880	
tldw_chatbook/Model_Artifacts/fetch.py	33	
tldw_chatbook/Model_Artifacts/gguf_admission.py	50	
tldw_chatbook/Model_Artifacts/gguf_admission.py	53	
tldw_chatbook/Model_Artifacts/gguf_admission.py	54	
tldw_chatbook/Model_Artifacts/remote_huggingface.py	26	
tldw_chatbook/Model_Artifacts/service.py	125	
tldw_chatbook/Model_Artifacts/service.py	4760	
tldw_chatbook/Notes/file_notes_git_service.py	234	
tldw_chatbook/Notes/file_notes_git_service.py	235	
tldw_chatbook/Notes/file_notes_git_service.py	241	
tldw_chatbook/Notes/file_notes_git_service.py	7190	
tldw_chatbook/Notes/file_notes_git_service.py	7192	
tldw_chatbook/Notes/note_import_plan_models.py	106	
tldw_chatbook/Notes/note_import_plan_models.py	107	
tldw_chatbook/Notes/notes_sync_filesystem.py	164	
tldw_chatbook/Notes/notes_sync_runtime.py	630	
tldw_chatbook/Notes/notes_sync_runtime.py	709	
tldw_chatbook/Notes/notes_sync_runtime.py	714	
tldw_chatbook/Notes/sync_paths.py	25	
tldw_chatbook/Notes/sync_paths.py	29	
tldw_chatbook/Notes/sync_paths.py	459	
tldw_chatbook/Notes/sync_paths.py	552	
tldw_chatbook/Persona_Buddy/rendering.py	27	
tldw_chatbook/Persona_Visual/contracts.py	59	
tldw_chatbook/Persona_Visual/importer.py	85	
tldw_chatbook/Persona_Visual/importer.py	86	
tldw_chatbook/Persona_Visual/importer.py	667	
tldw_chatbook/Persona_Visual/publication.py	43	
tldw_chatbook/Persona_Visual/repository.py	268	
tldw_chatbook/Persona_Visual/repository.py	1123	
tldw_chatbook/Persona_Visual/runtime.py	58	
tldw_chatbook/Persona_Visual/validation.py	83	
tldw_chatbook/Petdex/registry.py	14	
tldw_chatbook/Petdex/registry.py	15	
tldw_chatbook/Petdex/registry.py	16	
tldw_chatbook/Petdex/sources.py	27	
tldw_chatbook/Petdex/sources.py	28	
tldw_chatbook/Petdex/sources.py	29	
tldw_chatbook/Research_Interop/local_research_engine.py	825	
tldw_chatbook/Research_Workspace/overlay_store.py	26	
tldw_chatbook/Research_Workspace/paste_staging.py	27	
tldw_chatbook/STT/contracts.py	23	
tldw_chatbook/Skills_Interop/skill_remote_fetch.py	188	
tldw_chatbook/Skills_Interop/skill_script_runner.py	90	
tldw_chatbook/Skills_Interop/skill_script_runner.py	92	
tldw_chatbook/TTS/adapters/audio_cpp.py	88	
tldw_chatbook/TTS/audio_cpp_artifact_catalog.py	39	
tldw_chatbook/TTS/audio_cpp_config.py	239	
tldw_chatbook/TTS/audio_cpp_config.py	240	
tldw_chatbook/TTS/audio_cpp_guided_config.py	425	
tldw_chatbook/TTS/audio_cpp_guided_config.py	434	
tldw_chatbook/TTS/audio_cpp_guided_config.py	435	
tldw_chatbook/TTS/audio_cpp_package_scanner.py	104	
tldw_chatbook/TTS/audio_limits.py	7	
tldw_chatbook/TTS/backends/chatterbox.py	290	
tldw_chatbook/TTS/backends/higgs_voice_manager.py	477	
tldw_chatbook/TTS/backends/voice_manager_base.py	194	
tldw_chatbook/TTS/pcm_stream.py	54	
tldw_chatbook/TTS/profile_migration_journal.py	21	
tldw_chatbook/TTS/profile_migration_publication.py	196	
tldw_chatbook/TTS/profile_migration_recovery.py	191	
tldw_chatbook/TTS/profile_migration_recovery.py	215	
tldw_chatbook/TTS/profile_reference_audio.py	25	
tldw_chatbook/TTS/profile_reference_types.py	15	
tldw_chatbook/TTS/profile_reference_types.py	16	
tldw_chatbook/TTS/profile_reference_types.py	21	
tldw_chatbook/TTS/profile_schema.py	1951	
tldw_chatbook/TTS/sample_audio_validation.py	21	
tldw_chatbook/TTS/voice_bundle_codec.py	38	
tldw_chatbook/TTS/voice_bundle_codec.py	39	
tldw_chatbook/TTS/voice_bundle_codec.py	44	
tldw_chatbook/Terminal/contracts.py	11	
tldw_chatbook/Tool_Packs/activation.py	39	
tldw_chatbook/Tool_Packs/contracts.py	36	
tldw_chatbook/Tool_Packs/importer.py	40	
tldw_chatbook/Tool_Packs/receipt_store.py	28	
tldw_chatbook/Tool_Packs/receipt_store.py	29	
tldw_chatbook/Tool_Packs/removal.py	27	
tldw_chatbook/UI/ChatbookExportManagementWindow.py	536	
tldw_chatbook/UI/ChatbookExportManagementWindow.py	931	
tldw_chatbook/UI/ChatbookExportManagementWindow.py	971	
tldw_chatbook/UI/Chatbooks_Window.py	237	
tldw_chatbook/UI/Chatbooks_Window_Improved.py	622	
tldw_chatbook/UI/Chunking_Lab_Modules/sample_region.py	15	
tldw_chatbook/UI/CodeRepoCopyPasteWindow.py	1137	
tldw_chatbook/UI/LLM_Management/vllm_profiles.py	36	
tldw_chatbook/UI/Screens/chat_screen.py	864	
tldw_chatbook/UI/Screens/chunking_lab_screen.py	1108	
tldw_chatbook/UI/Screens/library_screen.py	3820	
tldw_chatbook/UI/Screens/library_screen.py	3821	
tldw_chatbook/UI/Screens/library_screen.py	28603	
tldw_chatbook/UI/Screens/model_browser_state.py	389	
tldw_chatbook/UI/Screens/model_browser_state.py	394	
tldw_chatbook/UI/Screens/model_installed_view.py	89	
tldw_chatbook/UI/Screens/personas_screen.py	492	
tldw_chatbook/UI/Screens/personas_screen.py	494	
tldw_chatbook/UI/Screens/personas_screen.py	495	
tldw_chatbook/UI/Screens/personas_screen.py	498	
tldw_chatbook/UI/Screens/personas_screen.py	13762	
tldw_chatbook/UI/Screens/personas_screen.py	14120	
tldw_chatbook/UI/Screens/personas_screen.py	14237	
tldw_chatbook/UI/Screens/settings_screen.py	21648	
tldw_chatbook/UI/Screens/settings_screen.py	21654	
tldw_chatbook/UI/Wizards/ChatbookCreationWizard.py	1024	
tldw_chatbook/UI/Wizards/first_run_voice_step_state.py	241	
tldw_chatbook/Video_Generation/adapters/comfyui_video_adapter.py	1008	
tldw_chatbook/Video_Generation/adapters/minimax_video_adapter.py	194	
tldw_chatbook/Video_Generation/request_validation.py	26	
tldw_chatbook/Video_Generation/request_validation.py	27	
tldw_chatbook/Video_Generation/request_validation.py	28	
tldw_chatbook/Video_Generation/request_validation.py	250	
tldw_chatbook/Video_Generation/video_store.py	183	
tldw_chatbook/Web_Server/artifact_share_manifest.py	137	
tldw_chatbook/Web_Server/artifact_share_server.py	347	
tldw_chatbook/Web_Server/artifact_share_server.py	348	
tldw_chatbook/Widgets/NewIngest/SmartFileDropZone.py	172	
tldw_chatbook/Widgets/Tamagotchi/tamagotchi_storage.py	262	
tldw_chatbook/Widgets/file_extraction_dialog.py	132	
tldw_chatbook/Widgets/file_extraction_dialog.py	135	
tldw_chatbook/Workspaces/file_inspector.py	38	
tldw_chatbook/tldw_api/skills_schemas.py	14	
tldw_chatbook/tldw_api/skills_schemas.py	15	
